reativacao;Ricardo Gomes;contato229@exemplo.com;Porto da Lua Prime;Itanhaém;;pendente_email1;;;;
reativacao;Ricardo Rocha;contato232@exemplo.com;Praia Grande Site View;Bertioga;;pendente_email1;;;;
reativacao;Ana Pereira;contato280@exemplo.com;Porto da Lua Blue;Itanhaém;;pendente_email1;;;;
reativacao;Fernanda Pereira;contato282@exemplo.com;Prime Imóveis Centro;Santos;;pendente_email1;;;;
reativacao;Larissa Lopes;contato306@exemplo.com;Costa Verde Imóveis;Guarujá;;pendente_email1;;;;
reativacao;Maria Costa;contato352@exemplo.com;Norte Sul Digital;Praia Grande;;pendente_email1;;;;
reativacao;Carlos Alves;contato378@exemplo.com;Prime Imóveis Site;Bertioga;;pendente_email1;;;;
reativacao;Bruno Alves;contato392@exemplo.com;Sol & Mar Imóveis;Itanhaém;;pendente_email1;;;;
reativacao;Diego Mendes;contato401@exemplo.com;Costa Verde Centro;Bertioga;;pendente_email1;;;;
reativacao;Maria Silva;contato405@exemplo.com;Região Sul View;Mongaguá;;pendente_email1;;;;
reativacao;Larissa Alves;contato462@exemplo.com;Costa Verde Centro;Mongaguá;;pendente_email1;;;;
reativacao;Paulo Ferreira;contato475@exemplo.com;Porto da Lua Digital;Guarujá;;pendente_email1;;;;
reativacao;Ricardo Pereira;contato476@exemplo.com;Santos Tower Site;Bertioga;;pendente_email1;;;;
reativacao;Luciana Souza;contato513@exemplo.com;Itanhaém Premium View;Guarujá;;pendente_email1;;;;
reativacao;Patrícia Cardoso;contato545@exemplo.com;Costa do Mar Blue;Peruíbe;;pendente_email1;;;;
reativacao;Marcos Barros;contato592@exemplo.com;Edifica Praia Prop;Itanhaém;;pendente_email1;;;;
reativacao;Ricardo Pereira;contato221@exemplo.com;Região Sul Digital;Bertioga;;pendente_email1;;;;
reativacao;João Alves;contato262@exemplo.com;Ocean Blue Prime;Mongaguá;;pendente_email1;;;;
reativacao;Patrícia Mendes;contato359@exemplo.com;Praia Grande Site Site;Santos;;pendente_email1;;;;
reativacao;Paulo Souza;contato418@exemplo.com;Caiçara Digital Tech;Mongaguá;;pendente_email1;;;;
reativacao;Diego Silva;contato445@exemplo.com;Região Sul Praia;Itanhaém;;pendente_email1;;;;
reativacao;Juliana Barros;contato464@exemplo.com;Norte Sul Centro;Itanhaém;;pendente_email1;;;;
reativacao;Bruno Lima;contato479@exemplo.com;Realize II Praia;Bertioga;;pendente_email1;;;;
reativacao;Bianca Alves;contato528@exemplo.com;Edifica Praia Imóveis;Guarujá;;pendente_email1;;;;
reativacao;Paulo Araújo;contato555@exemplo.com;Atlântico Imóveis Site;Guarujá;;pendente_email1;;;;
reativacao;Paulo Alves;contato566@exemplo.com;Edifica Praia Tech;Bertioga;;pendente_email1;;;;
reativacao;Carlos Barros;contato260@exemplo.com;Santos Tower Digital;São Vicente;;pendente_email1;;;;
reativacao;Luciana Gomes;contato263@exemplo.com;Litoral Premium Imóveis;Itanhaém;;pendente_email1;;;;
reativacao;Fernanda Alves;contato289@exemplo.com;Edifica Praia Imóveis;Bertioga;;pendente_email1;;;;
reativacao;Larissa Souza;contato347@exemplo.com;Riviera Blue Centro;Praia Grande;;pendente_email1;;;;
reativacao;Ana Ferreira;contato371@exemplo.com;Beta Imóveis View;Santos;;pendente_email1;;;;
reativacao;Juliana Pereira;contato412@exemplo.com;Santos Tower Litoral;Peruíbe;;pendente_email1;;;;
reativacao;Paulo Ferreira;contato427@exemplo.com;Edifica Praia Imóveis;Santos;;pendente_email1;;;;
reativacao;Patrícia Nunes;contato440@exemplo.com;Mar & Sol Digital;Santos;;pendente_email1;;;;
reativacao;Ricardo Costa;contato478@exemplo.com;Praia Grande Site Site;Praia Grande;;pendente_email1;;;;
reativacao;Thiago Lima;contato494@exemplo.com;Praia Digital Praia;Guarujá;;pendente_email1;;;;
reativacao;Ana Alves;contato506@exemplo.com;Prime Imóveis View;Peruíbe;;pendente_email1;;;;
reativacao;Ana Nunes;contato512@exemplo.com;Norte Imóveis Blue;Praia Grande;;pendente_email1;;;;
reativacao;Rafael Moura;contato517@exemplo.com;Costa do Mar Digital;Guarujá;;pendente_email1;;;;
reativacao;João Ribeiro;contato522@exemplo.com;Alpha Imóveis Blue;Peruíbe;;pendente_email1;;;;
reativacao;Patrícia Gomes;contato236@exemplo.com;Praia Grande Site Digital;Guarujá;;pendente_email1;;;;
reativacao;Bruno Costa;contato237@exemplo.com;Santos Tower Prime;Santos;;pendente_email1;;;;
reativacao;Renata Mendes;contato275@exemplo.com;Ocean Blue Imóveis;Bertioga;;pendente_email1;;;;
reativacao;Juliana Souza;contato300@exemplo.com;Praia Digital View;Itanhaém;;pendente_email1;;;;
reativacao;Juliana Teixeira;contato373@exemplo.com;Realize II Tech;Praia Grande;;pendente_email1;;;;
reativacao;Carlos Lima;contato384@exemplo.com;Beta Imóveis Tech;Guarujá;;pendente_email1;;;;
reativacao;Bruno Teixeira;contato390@exemplo.com;Realize II Blue;Mongaguá;;pendente_email1;;;;
reativacao;Maria Rocha;contato424@exemplo.com;Mongaguá Imóveis Site;Santos;;pendente_email1;;;;
reativacao;Maria Lima;contato431@exemplo.com;Prime Imóveis Praia;Santos;;pendente_email1;;;;
reativacao;Paulo Cardoso;contato501@exemplo.com;Sol & Mar Prime;Guarujá;;pendente_email1;;;;
reativacao;Larissa Souza;contato507@exemplo.com;Santos Tower Centro;Praia Grande;;pendente_email1;;;;
reativacao;Felipe Moreira;contato529@exemplo.com;Prime Imóveis Digital;Guarujá;;pendente_email1;;;;
reativacao;Thiago Alves;contato536@exemplo.com;Edifica Praia Imóveis;Mongaguá;;pendente_email1;;;;
reativacao;João Lopes;contato565@exemplo.com;Vista Mar Litoral;Santos;;pendente_email1;;;;
reativacao;Maria Barros;contato225@exemplo.com;Sol & Mar Blue;Santos;;pendente_email1;;;;
reativacao;Ricardo Lima;contato240@exemplo.com;Praia Grande Site View;Guarujá;;pendente_email1;;;;
reativacao;Carlos Nunes;contato257@exemplo.com;Norte Sul Blue;Praia Grande;;pendente_email1;;;;
reativacao;Fernanda Costa;contato288@exemplo.com;Praia Grande Site Litoral;Guarujá;;pendente_email1;;;;
reativacao;Ana Barros;contato358@exemplo.com;Beta Imóveis Site;Santos;;pendente_email1;;;;
reativacao;Larissa Barros;contato393@exemplo.com;Sol & Mar Blue;Santos;;pendente_email1;;;;
reativacao;Bruno Nunes;contato535@exemplo.com;Norte Sul Site;Bertioga;;pendente_email1;;;;
reativacao;Maria Costa;contato557@exemplo.com;Itanhaém Premium Site;Bertioga;;pendente_email1;;;;
reativacao;Patrícia Rocha;contato563@exemplo.com;Mar & Sol Centro;Guarujá;;pendente_email1;;;;
reativacao;Vanessa Dias;contato582@exemplo.com;Litoral Premium Tech;São Vicente;;pendente_email1;;;;
reativacao;Larissa Silva;contato585@exemplo.com;Vista Mar Prop;Bertioga;;pendente_email1;;;;
reativacao;Fernanda Monteiro;contato600@exemplo.com;Costa Verde Blue;Peruíbe;;pendente_email1;;;;
reativacao;João Souza;contato238@exemplo.com;Caiçara Digital Blue;Bertioga;;pendente_email1;;;;
reativacao;João Pereira;contato332@exemplo.com;Edifica Praia Prime;Mongaguá;;pendente_email1;;;;
reativacao;Ricardo Nunes;contato342@exemplo.com;Praia Grande Site View;Itanhaém;;pendente_email1;;;;
reativacao;Patrícia Gomes;contato457@exemplo.com;Itanhaém Premium Prime;Guarujá;;pendente_email1;;;;
reativacao;Patrícia Lima;contato488@exemplo.com;Sol & Mar Blue;São Vicente;;pendente_email1;;;;
reativacao;Luciana Souza;contato251@exemplo.com;Norte Sul Prime;Praia Grande;;pendente_email1;;;;
reativacao;Maria Rocha;contato267@exemplo.com;Porto da Lua Site;São Vicente;;pendente_email1;;;;
reativacao;Renata Nunes;contato270@exemplo.com;Prime Imóveis Digital;Itanhaém;;pendente_email1;;;;
reativacao;Maria Alves;contato367@exemplo.com;Santos Tower Centro;São Vicente;;pendente_email1;;;;
reativacao;Ana Mendes;contato397@exemplo.com;Norte Sul Litoral;Itanhaém;;pendente_email1;;;;
reativacao;Fernanda Mendes;contato409@exemplo.com;Recife Imóveis Prime;Guarujá;;pendente_email1;;;;
reativacao;João Souza;contato448@exemplo.com;Mongaguá Imóveis Tech;Santos;;pendente_email1;;;;
reativacao;Mariana Mendes;contato486@exemplo.com;Barra Digital Praia;São Vicente;;pendente_email1;;;;
reativacao;Mariana Rocha;contato487@exemplo.com;Vista Mar Digital;Itanhaém;;pendente_email1;;;;
reativacao;Felipe Ferreira;contato489@exemplo.com;Edifica Praia Litoral;Peruíbe;;pendente_email1;;;;
reativacao;Larissa Araújo;contato491@exemplo.com;Mar & Sol Site;Peruíbe;;pendente_email1;;;;
reativacao;Amanda Barros;contato497@exemplo.com;Edifica Praia Blue;Peruíbe;;pendente_email1;;;;
reativacao;Camila Cardoso;contato509@exemplo.com;Mongaguá Imóveis Digital;Mongaguá;;pendente_email1;;;;
reativacao;Marcos Freitas;contato571@exemplo.com;Praia Grande Site Prop;Santos;;pendente_email1;;;;
reativacao;Ricardo Souza;contato273@exemplo.com;Mar & Sol Site;Peruíbe;;pendente_email1;;;;
reativacao;Luciana Costa;contato354@exemplo.com;Barra Digital Digital;São Vicente;;pendente_email1;;;;
reativacao;Luciana Barros;contato355@exemplo.com;Realize II Site;Peruíbe;;pendente_email1;;;;
reativacao;Mariana Pereira;contato366@exemplo.com;Sol & Mar View;Guarujá;;pendente_email1;;;;
reativacao;Mariana Lima;contato372@exemplo.com;Mongaguá Imóveis Litoral;Peruíbe;;pendente_email1;;;;
reativacao;Larissa Moura;contato415@exemplo.com;Mar & Sol Blue;Peruíbe;;pendente_email1;;;;
reativacao;Camila Alves;contato463@exemplo.com;Santos Tower Litoral;Mongaguá;;pendente_email1;;;;
reativacao;Rafael Ribeiro;contato516@exemplo.com;Atlântico Imóveis Centro;Itanhaém;;pendente_email1;;;;
reativacao;Juliana Barros;contato537@exemplo.com;Norte Sul Site;Mongaguá;;pendente_email1;;;;
reativacao;Fernanda Barros;contato278@exemplo.com;Riviera Blue Site;Praia Grande;;pendente_email1;;;;
reativacao;Marcelo Pereira;contato286@exemplo.com;Praia Grande Site Site;São Vicente;;pendente_email1;;;;
reativacao;Ricardo Lima;contato295@exemplo.com;Norte Imóveis Prime;Bertioga;;pendente_email1;;;;
reativacao;Paulo Gomes;contato380@exemplo.com;Costa Verde Site;Mongaguá;;pendente_email1;;;;
reativacao;Carlos Lopes;contato387@exemplo.com;Mar & Sol Tech;Santos;;pendente_email1;;;;
reativacao;Ana Barros;contato395@exemplo.com;Norte Sul Praia;Praia Grande;;pendente_email1;;;;
reativacao;Rafael Vieira;contato532@exemplo.com;Barra Digital Litoral;São Vicente;;pendente_email1;;;;
reativacao;Diego Lopes;contato542@exemplo.com;Sul Imóveis Blue;Guarujá;;pendente_email1;;;;
reativacao;Carlos Nunes;contato255@exemplo.com;Beta Imóveis Blue;Guarujá;;pendente_email1;;;;
reativacao;Ricardo Gomes;contato272@exemplo.com;Praia Grande Site Imóveis;Peruíbe;;pendente_email1;;;;
reativacao;Patrícia Alves;contato315@exemplo.com;Realize II Imóveis;Santos;;pendente_email1;;;;
reativacao;João Lima;contato326@exemplo.com;Região Sul Digital;São Vicente;;pendente_email1;;;;
reativacao;Ana Barros;contato340@exemplo.com;Santos Tower Site;Bertioga;;pendente_email1;;;;
reativacao;Bruno Barros;contato374@exemplo.com;Porto da Lua Praia;Guarujá;;pendente_email1;;;;
reativacao;Juliana Gomes;contato433@exemplo.com;Caiçara Digital Litoral;Mongaguá;;pendente_email1;;;;
reativacao;Larissa Mendes;contato526@exemplo.com;Praia Grande Site Imóveis;Santos;;pendente_email1;;;;
reativacao;Patrícia Rocha;contato540@exemplo.com;Porto da Lua Tech;Peruíbe;;pendente_email1;;;;
reativacao;Leonardo Dias;contato569@exemplo.com;Mongaguá Imóveis Imóveis;Guarujá;;pendente_email1;;;;
reativacao;Bruno Lima;contato248@exemplo.com;Prime Imóveis Centro;Bertioga;;pendente_email1;;;;
reativacao;Luciana Silva;contato268@exemplo.com;Alpha Imóveis Centro;Guarujá;;pendente_email1;;;;
reativacao;João Gomes;contato327@exemplo.com;Riviera Blue Digital;Praia Grande;;pendente_email1;;;;
reativacao;Paulo Nunes;contato383@exemplo.com;Região Sul Centro;Praia Grande;;pendente_email1;;;;
reativacao;Bruno Alves;contato423@exemplo.com;Região Sul Praia;Bertioga;;pendente_email1;;;;
reativacao;Patrícia Lima;contato453@exemplo.com;Santos Tower Prime;Guarujá;;pendente_email1;;;;
reativacao;Bianca Rocha;contato492@exemplo.com;Norte Sul Litoral;Guarujá;;pendente_email1;;;;
reativacao;Thiago Souza;contato538@exemplo.com;Realize II View;Peruíbe;;pendente_email1;;;;
reativacao;Mariana Freitas;contato572@exemplo.com;Praia Blue;Peruíbe;;pendente_email1;;;;
reativacao;Sandra Moura;contato575@exemplo.com;Praia Grande Site View;Santos;;pendente_email1;;;;
reativacao;João Costa;contato256@exemplo.com;Região Sul Site;Peruíbe;;pendente_email1;;;;
reativacao;Luciana Souza;contato305@exemplo.com;Atlântico Imóveis Centro;Santos;;pendente_email1;;;;
reativacao;Maria Barros;contato339@exemplo.com;Santos Tower Digital;Guarujá;;pendente_email1;;;;
reativacao;Ricardo Silva;contato345@exemplo.com;Riviera Blue View;Santos;;pendente_email1;;;;
reativacao;Fernanda Silva;contato417@exemplo.com;Barra Digital Imóveis;Praia Grande;;pendente_email1;;;;
reativacao;Thiago Mendes;contato484@exemplo.com;Alpha Imóveis Digital;Itanhaém;;pendente_email1;;;;
reativacao;Amanda Nunes;contato533@exemplo.com;Mar Brasil Digital;Peruíbe;;pendente_email1;;;;
reativacao;Vanessa Nunes;contato597@exemplo.com;Riviera Blue Site;Praia Grande;;pendente_email1;;;;
reativacao;Marcos Monteiro;contato598@exemplo.com;Litoral Premium Imóveis;Peruíbe;;pendente_email1;;;;
reativacao;Ricardo Gomes;contato234@exemplo.com;Mar & Sol Site;Mongaguá;;pendente_email1;;;;
reativacao;Luciana Gomes;contato244@exemplo.com;Riviera Blue Blue;Praia Grande;;pendente_email1;;;;
reativacao;Carlos Rocha;contato330@exemplo.com;Norte Sul Digital;Mongaguá;;pendente_email1;;;;
reativacao;Luciana Ferreira;contato386@exemplo.com;Vista Mar Litoral;Santos;;pendente_email1;;;;
reativacao;Mariana Lima;contato408@exemplo.com;Barra Digital Imóveis;Peruíbe;;pendente_email1;;;;
reativacao;Camila Nunes;contato414@exemplo.com;Mar & Sol Imóveis;São Vicente;;pendente_email1;;;;
reativacao;Fernanda Mendes;contato422@exemplo.com;Beta Imóveis Praia;Santos;;pendente_email1;;;;
reativacao;Paulo Silva;contato425@exemplo.com;Ocean Blue Blue;Guarujá;;pendente_email1;;;;
reativacao;Luciana Souza;contato455@exemplo.com;Norte Sul Praia;Itanhaém;;pendente_email1;;;;
reativacao;Ana Alves;contato474@exemplo.com;Litoral Premium Praia;Praia Grande;;pendente_email1;;;;
reativacao;Maria Teixeira;contato496@exemplo.com;Norte Sul Litoral;Bertioga;;pendente_email1;;;;
reativacao;Thiago Ferreira;contato498@exemplo.com;Região Sul Blue;Peruíbe;;pendente_email1;;;;
reativacao;Ricardo Moreira;contato504@exemplo.com;Prime Imóveis Centro;Praia Grande;;pendente_email1;;;;
reativacao;Marcos Souza;contato595@exemplo.com;Costa Azul  Prime;Peruíbe;;pendente_email1;;;;
reativacao;Ana Barros;contato242@exemplo.com;Prime Imóveis Digital;Itanhaém;;pendente_email1;;;;
reativacao;João Lima;contato274@exemplo.com;Ocean Blue Centro;Peruíbe;;pendente_email1;;;;
reativacao;Ana Pereira;contato279@exemplo.com;Caiçara Digital View;Itanhaém;;pendente_email1;;;;
reativacao;Patrícia Silva;contato299@exemplo.com;Porto da Lua Centro;Mongaguá;;pendente_email1;;;;
reativacao;Paulo Barros;contato307@exemplo.com;Sul Imóveis Imóveis;Santos;;pendente_email1;;;;
reativacao;Larissa Rocha;contato360@exemplo.com;Alpha Imóveis Site;Mongaguá;;pendente_email1;;;;
reativacao;Larissa Teixeira;contato368@exemplo.com;Riviera Blue Prime;Guarujá;;pendente_email1;;;;
reativacao;Fernanda Ramos;contato394@exemplo.com;Porto da Lua Litoral;Santos;;pendente_email1;;;;
reativacao;João Costa;contato430@exemplo.com;Barra Digital Litoral;Santos;;pendente_email1;;;;
reativacao;Mariana Costa;contato439@exemplo.com;Itanhaém Premium Imóveis;Bertioga;;pendente_email1;;;;
reativacao;Camila Gomes;contato468@exemplo.com;Litoral Premium Tech;Itanhaém;;pendente_email1;;;;
reativacao;Fernanda Lopes;contato472@exemplo.com;Alpha Imóveis Site;Peruíbe;;pendente_email1;;;;
reativacao;Rafael Nunes;contato482@exemplo.com;Norte Imóveis Site;São Vicente;;pendente_email1;;;;
reativacao;Bruno Lopes;contato543@exemplo.com;Ocean Blue Centro;Guarujá;;pendente_email1;;;;
reativacao;Maria Teixeira;contato552@exemplo.com;Itanhaém Premium Imóveis;Guarujá;;pendente_email1;;;;
reativacao;Bruno Monteiro;contato581@exemplo.com;Edifica Praia Praia;Itanhaém;;pendente_email1;;;;
reativacao;Leonardo Barros;contato593@exemplo.com;Atlântico Imóveis Prime;Guarujá;;pendente_email1;;;;
reativacao;Luciana Barros;contato594@exemplo.com;Norte Sul Praia;Santos;;pendente_email1;;;;
reativacao;Marcelo Souza;contato281@exemplo.com;Riviera Blue Blue;São Vicente;;pendente_email1;;;;
reativacao;Mariana Alves;contato370@exemplo.com;Realize II Blue;Peruíbe;;pendente_email1;;;;
reativacao;João Alves;contato406@exemplo.com;Região Sul Blue;Guarujá;;pendente_email1;;;;
reativacao;Bruno Rocha;contato495@exemplo.com;Praia Digital Tech;Praia Grande;;pendente_email1;;;;
reativacao;Rafael Rocha;contato521@exemplo.com;Alpha Imóveis Tech;Mongaguá;;pendente_email1;;;;
reativacao;Thiago Cardoso;contato530@exemplo.com;Sul Imóveis Digital;Praia Grande;;pendente_email1;;;;
reativacao;Larissa Alves;contato556@exemplo.com;Realize II Prime;Guarujá;;pendente_email1;;;;
reativacao;João Alves;contato564@exemplo.com;Porto da Lua Blue;São Vicente;;pendente_email1;;;;
reativacao;Mariana Cardoso;contato578@exemplo.com;Edifica Praia Centro;Peruíbe;;pendente_email1;;;;
reativacao;Amanda Cavalcanti;contato584@exemplo.com;Riviera Blue View;Guarujá;;pendente_email1;;;;
reativacao;Patrícia Silva;contato250@exemplo.com;Costa Verde Litoral;São Vicente;;pendente_email1;;;;
reativacao;Ana Rocha;contato266@exemplo.com;Caiçara Digital View;Peruíbe;;pendente_email1;;;;
reativacao;Maria Nunes;contato294@exemplo.com;Costa do Mar Centro;Peruíbe;;pendente_email1;;;;
reativacao;Maria Rocha;contato329@exemplo.com;Ocean Blue View;Santos;;pendente_email1;;;;
reativacao;Ricardo Lima;contato344@exemplo.com;Norte Sul Imóveis;Guarujá;;pendente_email1;;;;
reativacao;Camila Mendes;contato442@exemplo.com;Santos Tower Prime;Itanhaém;;pendente_email1;;;;
reativacao;Patrícia Vieira;contato485@exemplo.com;Praia Digital Digital;Guarujá;;pendente_email1;;;;
reativacao;Larissa Gomes;contato291@exemplo.com;Riviera Blue Praia;Bertioga;;pendente_email1;;;;
reativacao;Luciana Pereira;contato302@exemplo.com;Costa Verde Digital;Praia Grande;;pendente_email1;;;;
reativacao;Carlos Silva;contato325@exemplo.com;Mar & Sol Site;Praia Grande;;pendente_email1;;;;
reativacao;Ricardo Lima;contato335@exemplo.com;Riviera Blue Digital;Bertioga;;pendente_email1;;;;
reativacao;Juliana Gomes;contato356@exemplo.com;Sol & Mar Prime;Guarujá;;pendente_email1;;;;
reativacao;Bruno Lopes;contato375@exemplo.com;Beta Imóveis Blue;Guarujá;;pendente_email1;;;;
reativacao;Ricardo Silva;contato477@exemplo.com;Região Sul Imóveis;Peruíbe;;pendente_email1;;;;
reativacao;Amanda Gomes;contato481@exemplo.com;Ocean Blue Centro;Bertioga;;pendente_email1;;;;
reativacao;Rafael Silva;contato483@exemplo.com;Norte Sul Site;Guarujá;;pendente_email1;;;;
reativacao;João Mendes;contato502@exemplo.com;Costa do Mar Blue;Itanhaém;;pendente_email1;;;;
reativacao;Bianca Vieira;contato505@exemplo.com;Litoral Brasil Prime;Bertioga;;pendente_email1;;;;
reativacao;André Teixeira;contato567@exemplo.com;Costa Verde Litoral;Praia Grande;;pendente_email1;;;;
reativacao;Sandra Ferreira;contato586@exemplo.com;Edifica Praia Centro;Itanhaém;;pendente_email1;;;;
reativacao;Maria Freitas;contato591@exemplo.com;Atlântico Imóveis Centro;Bertioga;;pendente_email1;;;;
reativacao;Luciana Nunes;contato233@exemplo.com;Riviera Blue Digital;Itanhaém;;pendente_email1;;;;
reativacao;Carlos Alves;contato304@exemplo.com;Praia Grande Site View;Itanhaém;;pendente_email1;;;;
reativacao;João Mendes;contato311@exemplo.com;Edifica Praia Prime;Mongaguá;;pendente_email1;;;;
reativacao;Patrícia Silva;contato334@exemplo.com;Alpha Imóveis Centro;Peruíbe;;pendente_email1;;;;
reativacao;Paulo Souza;contato348@exemplo.com;Mar & Sol Centro;Peruíbe;;pendente_email1;;;;
reativacao;João Costa;contato349@exemplo.com;Prime Imóveis Blue;Bertioga;;pendente_email1;;;;
reativacao;Luciana Mendes;contato361@exemplo.com;Santos Tower Prime;Itanhaém;;pendente_email1;;;;
reativacao;Ana Mendes;contato376@exemplo.com;Caiçara Digital Litoral;Itanhaém;;pendente_email1;;;;
reativacao;Bruno Silva;contato385@exemplo.com;Vista Mar Litoral;Mongaguá;;pendente_email1;;;;
reativacao;Fernanda Teixeira;contato407@exemplo.com;Mar Brasil Prime;Peruíbe;;pendente_email1;;;;
reativacao;Felipe Nunes;contato441@exemplo.com;Alpha Imóveis Centro;Santos;;pendente_email1;;;;
reativacao;Diego Mendes;contato443@exemplo.com;Prime Imóveis Prime;Itanhaém;;pendente_email1;;;;
reativacao;Rafael Ferreira;contato518@exemplo.com;Realize II Site;Itanhaém;;pendente_email1;;;;
reativacao;Ana Teixeira;contato527@exemplo.com;Vista Mar Centro;Praia Grande;;pendente_email1;;;;
reativacao;Marcos Souza;contato570@exemplo.com;Praia Grande Site Centro;Bertioga;;pendente_email1;;;;
reativacao;Luciana Gomes;contato230@exemplo.com;Edifica Praia Digital;Bertioga;;pendente_email1;;;;
reativacao;Ana Alves;contato287@exemplo.com;Itanhaém Premium Blue;Bertioga;;pendente_email1;;;;
reativacao;Ana Gomes;contato323@exemplo.com;Beta Imóveis Site;Santos;;pendente_email1;;;;
reativacao;Paulo Barros;contato389@exemplo.com;Caiçara Digital Praia;Bertioga;;pendente_email1;;;;
reativacao;Paulo Gomes;contato411@exemplo.com;Litoral Brasil Praia;Peruíbe;;pendente_email1;;;;
reativacao;Patrícia Ferreira;contato435@exemplo.com;Edifica Praia Blue;Bertioga;;pendente_email1;;;;
reativacao;Diego Moura;contato444@exemplo.com;Costa Verde View;Peruíbe;;pendente_email1;;;;
reativacao;Patrícia Araújo;contato456@exemplo.com;Costa Verde Tech;Peruíbe;;pendente_email1;;;;
reativacao;Fernanda Moura;contato531@exemplo.com;Região Sul Centro;São Vicente;;pendente_email1;;;;
reativacao;Bianca Gomes;contato550@exemplo.com;Atlântico Imóveis Blue;São Vicente;;pendente_email1;;;;
reativacao;Camila Gomes;contato553@exemplo.com;Mongaguá Imóveis Site;Guarujá;;pendente_email1;;;;
reativacao;Luciana Lima;contato259@exemplo.com;Alpha Imóveis View;São Vicente;;pendente_email1;;;;
reativacao;Carlos Alves;contato269@exemplo.com;Santos Tower Blue;Bertioga;;pendente_email1;;;;
reativacao;Juliana Silva;contato316@exemplo.com;Realize II Site;Bertioga;;pendente_email1;;;;
reativacao;Patrícia Lima;contato321@exemplo.com;Riviera Blue Blue;Bertioga;;pendente_email1;;;;
reativacao;Juliana Souza;contato377@exemplo.com;Caiçara Digital Praia;Peruíbe;;pendente_email1;;;;
reativacao;Bruno Lopes;contato391@exemplo.com;Prime Imóveis Praia;Bertioga;;pendente_email1;;;;
reativacao;Ana Costa;contato559@exemplo.com;Caiçara Digital Site;Itanhaém;;pendente_email1;;;;
reativacao;Patrícia Mendes;contato227@exemplo.com;Região Sul Digital;Bertioga;;pendente_email1;;;;
reativacao;Ricardo Costa;contato252@exemplo.com;Caiçara Digital Site;Peruíbe;;pendente_email1;;;;
reativacao;Mariana Alves;contato382@exemplo.com;Barra Digital Imóveis;Peruíbe;;pendente_email1;;;;
reativacao;Bruno Souza;contato421@exemplo.com;Riviera Blue Prime;Praia Grande;;pendente_email1;;;;
reativacao;Patrícia Souza;contato428@exemplo.com;Edifica Praia Digital;Mongaguá;;pendente_email1;;;;
reativacao;Luciana Souza;contato434@exemplo.com;Costa Verde Prime;São Vicente;;pendente_email1;;;;
reativacao;Camila Nunes;contato461@exemplo.com;Prime Imóveis Site;Guarujá;;pendente_email1;;;;
reativacao;Juliana Teixeira;contato465@exemplo.com;Praia Grande Site Imóveis;São Vicente;;pendente_email1;;;;
reativacao;Amanda Gomes;contato520@exemplo.com;Barra Digital Centro;Santos;;pendente_email1;;;;
reativacao;Rafael Teixeira;contato558@exemplo.com;Beta Imóveis Site;Praia Grande;;pendente_email1;;;;
reativacao;Sandra Mendes;contato573@exemplo.com;Litoral Blue;Peruíbe;;pendente_email1;;;;
reativacao;Juliana Barros;contato228@exemplo.com;Caiçara Digital Digital;Peruíbe;;pendente_email1;;;;
reativacao;Marcelo Mendes;contato277@exemplo.com;Ocean Blue View;Bertioga;;pendente_email1;;;;
reativacao;Ricardo Silva;contato296@exemplo.com;Praia Digital Litoral;Praia Grande;;pendente_email1;;;;
reativacao;Maria Pereira;contato301@exemplo.com;Litoral Premium Site;Itanhaém;;pendente_email1;;;;
reativacao;Maria Lima;contato324@exemplo.com;Barra Digital Centro;Itanhaém;;pendente_email1;;;;
reativacao;Juliana Rocha;contato341@exemplo.com;Norte Sul Prime;Santos;;pendente_email1;;;;
reativacao;João Souza;contato351@exemplo.com;Riviera Blue Centro;Bertioga;;pendente_email1;;;;
reativacao;Ricardo Alves;contato357@exemplo.com;Prime Imóveis Prime;Santos;;pendente_email1;;;;
reativacao;Larissa Rocha;contato363@exemplo.com;Beta Imóveis Praia;Guarujá;;pendente_email1;;;;
reativacao;Larissa Costa;contato470@exemplo.com;Alpha Imóveis Tech;Bertioga;;pendente_email1;;;;
reativacao;Amanda Rocha;contato525@exemplo.com;Mar & Sol Tech;Peruíbe;;pendente_email1;;;;
reativacao;Thiago Souza;contato546@exemplo.com;Mar Brasil Digital;Santos;;pendente_email1;;;;
reativacao;Fernanda Rocha;contato271@exemplo.com;Costa Azul Site;Itanhaém;;pendente_email1;;;;
reativacao;Ricardo Gomes;contato298@exemplo.com;Norte Imóveis Site;Bertioga;;pendente_email1;;;;
reativacao;Luciana Pereira;contato313@exemplo.com;Ocean Blue Centro;Peruíbe;;pendente_email1;;;;
reativacao;Patrícia Ferreira;contato317@exemplo.com;Litoral Brasil Prime;Guarujá;;pendente_email1;;;;
reativacao;João Barros;contato336@exemplo.com;Edifica Praia Prime;Praia Grande;;pendente_email1;;;;
reativacao;Bruno Pereira;contato396@exemplo.com;Itanhaém Premium Tech;Itanhaém;;pendente_email1;;;;
reativacao;Paulo Mendes;contato459@exemplo.com;Caiçara Digital Imóveis;São Vicente;;pendente_email1;;;;
reativacao;Larissa Barros;contato473@exemplo.com;Norte Sul Prime;São Vicente;;pendente_email1;;;;
reativacao;Thiago Cardoso;contato500@exemplo.com;Costa do Mar Prime;Bertioga;;pendente_email1;;;;
reativacao;Rafael Alves;contato519@exemplo.com;Recife Imóveis Blue;Santos;;pendente_email1;;;;
reativacao;Mariana Alves;contato534@exemplo.com;Barra Digital Tech;Bertioga;;pendente_email1;;;;
reativacao;Luciana Pereira;contato246@exemplo.com;Beta Imóveis Blue;Bertioga;;pendente_email1;;;;
reativacao;Juliana Rocha;contato261@exemplo.com;Mar & Sol Digital;Peruíbe;;pendente_email1;;;;
reativacao;Bruno Gomes;contato276@exemplo.com;Norte Imóveis View;Mongaguá;;pendente_email1;;;;
reativacao;Maria Barros;contato285@exemplo.com;Costa Azul Digital;Mongaguá;;pendente_email1;;;;
reativacao;Maria Costa;contato293@exemplo.com;Recife Imóveis Praia;Mongaguá;;pendente_email1;;;;
reativacao;Luciana Lima;contato331@exemplo.com;Riviera Blue Centro;Mongaguá;;pendente_email1;;;;
reativacao;Fernanda Souza;contato346@exemplo.com;Beta Imóveis View;Praia Grande;;pendente_email1;;;;
reativacao;Paulo Silva;contato400@exemplo.com;Região Sul Prime;Guarujá;;pendente_email1;;;;
reativacao;Carlos Ferreira;contato416@exemplo.com;Litoral Premium Imóveis;Praia Grande;;pendente_email1;;;;
reativacao;João Silva;contato467@exemplo.com;Sol & Mar Digital;São Vicente;;pendente_email1;;;;
reativacao;Camila Teixeira;contato493@exemplo.com;Barra Digital Tech;Santos;;pendente_email1;;;;
reativacao;João Gomes;contato245@exemplo.com;Região Sul Prime;Santos;;pendente_email1;;;;
reativacao;Paulo Rocha;contato320@exemplo.com;Barra Digital Praia;Praia Grande;;pendente_email1;;;;
reativacao;Larissa Mendes;contato437@exemplo.com;Edifica Praia Blue;Mongaguá;;pendente_email1;;;;
reativacao;Patrícia Teixeira;contato446@exemplo.com;Alpha Imóveis Prime;Guarujá;;pendente_email1;;;;
reativacao;Maria Rocha;contato447@exemplo.com;Santos Tower Centro;Mongaguá;;pendente_email1;;;;
reativacao;João Teixeira;contato451@exemplo.com;Litoral Premium Praia;Itanhaém;;pendente_email1;;;;
reativacao;Ana Lima;contato452@exemplo.com;Norte Sul Centro;Santos;;pendente_email1;;;;
reativacao;Camila Lopes;contato466@exemplo.com;Itanhaém Premium Blue;Guarujá;;pendente_email1;;;;
reativacao;João Teixeira;contato503@exemplo.com;Edifica Praia Tech;Bertioga;;pendente_email1;;;;
reativacao;Maria Silva;contato541@exemplo.com;Barra Digital Site;Praia Grande;;pendente_email1;;;;
reativacao;Bruno Monteiro;contato576@exemplo.com;Sol & Mar View;Santos;;pendente_email1;;;;
reativacao;Ana Rocha;contato599@exemplo.com;Prime Imóveis Prime;Peruíbe;;pendente_email1;;;;
reativacao;Bruno Costa;contato235@exemplo.com;Santos Tower Centro;Praia Grande;;pendente_email1;;;;
reativacao;João Rocha;contato333@exemplo.com;Mar & Sol Centro;Guarujá;;pendente_email1;;;;
reativacao;Bruno Lopes;contato353@exemplo.com;Mar & Sol Litoral;Guarujá;;pendente_email1;;;;
reativacao;Ana Nunes;contato369@exemplo.com;Norte Sul Digital;São Vicente;;pendente_email1;;;;
reativacao;Paulo Mendes;contato404@exemplo.com;Sol & Mar Blue;Itanhaém;;pendente_email1;;;;
reativacao;Fernanda Rocha;contato449@exemplo.com;Mar & Sol View;Peruíbe;;pendente_email1;;;;
reativacao;Camila Souza;contato523@exemplo.com;Praia Grande Site View;São Vicente;;pendente_email1;;;;
reativacao;Rafael Moreira;contato551@exemplo.com;Ocean Blue Centro;Praia Grande;;pendente_email1;;;;
reativacao;Carlos Moreira;contato587@exemplo.com;Mar Blue;Guarujá;;pendente_email1;;;;
reativacao;Juliana Mendes;contato254@exemplo.com;Riviera Blue View;Santos;;pendente_email1;;;;
reativacao;João Nunes;contato292@exemplo.com;Região Sul Litoral;Itanhaém;;pendente_email1;;;;
reativacao;Felipe Ribeiro;contato490@exemplo.com;Costa Azul Blue;Santos;;pendente_email1;;;;
reativacao;Bruno Souza;contato223@exemplo.com;Edifica Praia View;Itanhaém;;pendente_email1;;;;
reativacao;Luciana Gomes;contato297@exemplo.com;Beta Imóveis Litoral;Guarujá;;pendente_email1;;;;
reativacao;Patrícia Alves;contato379@exemplo.com;Ocean Blue Litoral;São Vicente;;pendente_email1;;;;
reativacao;Juliana Costa;contato381@exemplo.com;Barra Digital Imóveis;Santos;;pendente_email1;;;;
reativacao;Ricardo Pereira;contato388@exemplo.com;Caiçara Digital Litoral;São Vicente;;pendente_email1;;;;
reativacao;Ricardo Alves;contato399@exemplo.com;Porto da Lua Centro;São Vicente;;pendente_email1;;;;
reativacao;Paulo Gomes;contato454@exemplo.com;Região Sul Prime;Peruíbe;;pendente_email1;;;;
reativacao;João Moreira;contato544@exemplo.com;Itanhaém Premium View;Praia Grande;;pendente_email1;;;;
reativacao;Carlos Moura;contato561@exemplo.com;Barra Digital Site;Bertioga;;pendente_email1;;;;
reativacao;Juliana Silva;contato322@exemplo.com;Realize II Litoral;Bertioga;;pendente_email1;;;;
reativacao;João Mendes;contato362@exemplo.com;Riviera Blue Tech;Santos;;pendente_email1;;;;
reativacao;Bruno Mendes;contato365@exemplo.com;Praia Grande Site Tech;São Vicente;;pendente_email1;;;;
reativacao;Larissa Rocha;contato402@exemplo.com;Ocean Blue Blue;Bertioga;;pendente_email1;;;;
reativacao;Juliana Rocha;contato413@exemplo.com;Riviera Blue View;São Vicente;;pendente_email1;;;;
reativacao;João Barros;contato432@exemplo.com;Beta Imóveis Centro;São Vicente;;pendente_email1;;;;
reativacao;Mariana Mendes;contato508@exemplo.com;Barra Digital View;Santos;;pendente_email1;;;;
reativacao;Luciana Rocha;contato562@exemplo.com;Litoral Blue;São Vicente;;pendente_email1;;;;
reativacao;Ana Freitas;contato574@exemplo.com;Alpha Imóveis Centro;Guarujá;;pendente_email1;;;;
reativacao;Ricardo Pereira;contato224@exemplo.com;Beta Imóveis View;Mongaguá;;pendente_email1;;;;
reativacao;Ana Costa;contato241@exemplo.com;Norte Sul Blue;Guarujá;;pendente_email1;;;;
reativacao;Carlos Costa;contato243@exemplo.com;Norte Sul Prime;Itanhaém;;pendente_email1;;;;
reativacao;Ricardo Mendes;contato258@exemplo.com;Sol & Mar Digital;Itanhaém;;pendente_email1;;;;
reativacao;Ana Rocha;contato338@exemplo.com;Mar & Sol Site;São Vicente;;pendente_email1;;;;
reativacao;Fernanda Souza;contato450@exemplo.com;Ocean Blue Prime;Guarujá;;pendente_email1;;;;
reativacao;Camila Mendes;contato511@exemplo.com;Litoral Premium Site;São Vicente;;pendente_email1;;;;
reativacao;Bruno Mendes;contato337@exemplo.com;Região Sul Site;Praia Grande;;pendente_email1;;;;
reativacao;Juliana Nunes;contato328@exemplo.com;Ocean Blue Prime;Peruíbe;;pendente_email1;;;;
reativacao;Larissa Gomes;contato109@exemplo.com;Riviera Exclusive;Bertioga;;pendente_email1;;;;
reativacao;Luciana Dias;contato114@exemplo.com;Caiçara Imóveis;Praia Grande;;pendente_email1;;;;
reativacao;Marcelo Lima;contato134@exemplo.com;Caiçara Conectada;Praia Grande;;pendente_email1;;;;
reativacao;Gustavo Nunes;contato149@exemplo.com;Riviera Executive;Bertioga;;pendente_email1;;;;
reativacao;Larissa Ferreira;contato169@exemplo.com;Riviera Exclusive;Bertioga;;pendente_email1;;;;
reativacao;Luciana Dias;contato174@exemplo.com;Caiçara Conectada;Praia Grande;;pendente_email1;;;;
reativacao;Marcelo Dias;contato199@exemplo.com;Caiçara Platinum;Praia Grande;;pendente_email1;;;;
reativacao;Rafaela Nunes;contato212@exemplo.com;Embaré Elite;Santos;;pendente_email1;;;;
reativacao;Patrícia Lima;contato214@exemplo.com;Caiçara Elite;Praia Grande;;pendente_email1;;;;
reativacao;Renato Almeida;contato19@exemplo.com;Litoral Norte Imóveis;Santos;;pendente_email1;;;;
reativacao;Ana Barros;contato29@exemplo.com;Riviera Imóveis;Bertioga;;pendente_email1;;;;
reativacao;Paulo Mendes;contato32@exemplo.com;Boqueirão Imóveis;Santos;;pendente_email1;;;;
reativacao;Paulo Costa;contato47@exemplo.com;Boqueirão Norte;Santos;;pendente_email1;;;;
reativacao;Isabela Costa;contato84@exemplo.com;Riviera Blue;Bertioga;;pendente_email1;;;;
reativacao;Thiago Rocha;contato106@exemplo.com;Peruíbe Eco;Peruíbe;;pendente_email1;;;;
reativacao;Patrícia Ribeiro;contato111@exemplo.com;Gonzaga Digital;Santos;;pendente_email1;;;;
reativacao;Paulo Nunes;contato112@exemplo.com;Embaré Tech;Santos;;pendente_email1;;;;
reativacao;Carlos Dias;contato126@exemplo.com;Peruíbe Natureza;Peruíbe;;pendente_email1;;;;
reativacao;Bianca Martins;contato131@exemplo.com;Gonzaga Smart;Santos;;pendente_email1;;;;
reativacao;Paulo Ferreira;contato132@exemplo.com;Embaré Conecta;Santos;;pendente_email1;;;;
reativacao;Amanda Souza;contato146@exemplo.com;Peruíbe Executive;Peruíbe;;pendente_email1;;;;
reativacao;Fábio Costa;contato151@exemplo.com;Gonzaga Executive;Santos;;pendente_email1;;;;
reativacao;Patrícia Ferreira;contato152@exemplo.com;Embaré Executive;Santos;;pendente_email1;;;;
reativacao;Gustavo Almeida;contato166@exemplo.com;Peruíbe Nature;Peruíbe;;pendente_email1;;;;
reativacao;Bianca Martins;contato171@exemplo.com;Gonzaga Digital;Santos;;pendente_email1;;;;
reativacao;Amanda Souza;contato191@exemplo.com;Peruíbe Platinum;Peruíbe;;pendente_email1;;;;
reativacao;Fábio Costa;contato196@exemplo.com;Gonzaga Platinum;Santos;;pendente_email1;;;;
reativacao;Patrícia Ferreira;contato197@exemplo.com;Embaré Platinum;Santos;;pendente_email1;;;;
reativacao;Gustavo Henrique;contato206@exemplo.com;Peruíbe Elite;Peruíbe;;pendente_email1;;;;
reativacao;Mariana Rocha;contato31@exemplo.com;Gonzaga Premium;Santos;;pendente_email1;;;;
reativacao;Luciana Barros;contato46@exemplo.com;Rio Preto Sol;Peruíbe;;pendente_email1;;;;
reativacao;Camila Souza;contato41@exemplo.com;Peruíbe Norte;Peruíbe;;pendente_email1;;;;
reativacao;Patrícia Almeida;contato46@exemplo.com;Gonzaga Sul;Santos;;pendente_email1;;;;
reativacao;Felipe Nascimento;contato71@exemplo.com;Peruíbe Coast;Peruíbe;;pendente_email1;;;;
reativacao;Débora Almeida;contato78@exemplo.com;Bertioga Centro;Bertioga;;pendente_email1;;;;
reativacao;Camila Ribeiro;contato86@exemplo.com;Gonzaga Norte;Santos;;pendente_email1;;;;
reativacao;Humberto Costa;contato96@exemplo.com;Peruíbe Ecologic;Peruíbe;;pendente_email1;;;;
reativacao;Juliano Mendes;contato156@exemplo.com;Santos Vision;Santos;;pendente_email1;;;;
reativacao;Paulo Mendes;contato188@exemplo.com;Bertioga Platinum;Bertioga;;pendente_email1;;;;
reativacao;Débora Almeida;contato203@exemplo.com;Bertioga Elite;Bertioga;;pendente_email1;;;;
reativacao;Monique Rocha;contato218@exemplo.com;Bertioga Prime;Bertioga;;pendente_email1;;;;
reativacao;Patrícia Barros;contato13@exemplo.com;Mar & Sol Praia;Santos;;pendente_email1;;;;
reativacao;Fernanda Costa;contato26@exemplo.com;Peruíbe Sol;Peruíbe;;pendente_email1;;;;
reativacao;Marina Rocha;contato39@exemplo.com;Ponta da Praia;Santos;;pendente_email1;;;;
reativacao;Thiago Lima;contato83@exemplo.com;Itanhaém Norte;Itanhaém;;pendente_email1;;;;
reativacao;Igor Barros;contato92@exemplo.com;Guarujá Blue Tech;Guarujá;;pendente_email1;;;;
reativacao;Monique Rocha;contato93@exemplo.com;Bertioga Riviera Tech;Bertioga;;pendente_email1;;;;
reativacao;Fábio Souza;contato98@exemplo.com;Itanhaém Premium;Itanhaém;;pendente_email1;;;;
reativacao;Leonardo Azevedo;contato102@exemplo.com;Guarujá Premium;Guarujá;;pendente_email1;;;;
reativacao;Fernanda Lopes;contato103@exemplo.com;Bertioga Green;Bertioga;;pendente_email1;;;;
reativacao;Fábio Carvalho;contato108@exemplo.com;Itanhaém Premium;Itanhaém;;pendente_email1;;;;
reativacao;Fernanda Rocha;contato119@exemplo.com;Praia Grande Smart;Praia Grande;;pendente_email1;;;;
reativacao;Carla Nunes;contato139@exemplo.com;Praia Grande Relax;Praia Grande;;pendente_email1;;;;
reativacao;Marina Costa;contato142@exemplo.com;Guarujá Executive;Guarujá;;pendente_email1;;;;
reativacao;Paulo Mendes;contato143@exemplo.com;Bertioga Executive;Bertioga;;pendente_email1;;;;
reativacao;Larissa Barros;contato148@exemplo.com;Itanhaém Executive;Itanhaém;;pendente_email1;;;;
reativacao;Carla Nunes;contato159@exemplo.com;Praia Grande Vision;Praia Grande;;pendente_email1;;;;
reativacao;André Luiz;contato162@exemplo.com;Guarujá Coast Imóveis;Guarujá;;pendente_email1;;;;
reativacao;Fernanda Costa;contato163@exemplo.com;Bertioga Premium;Bertioga;;pendente_email1;;;;
reativacao;Fábio Souza;contato168@exemplo.com;Itanhaém Premium;Itanhaém;;pendente_email1;;;;
reativacao;Thiago Barros;contato177@exemplo.com;Guarujá Launch;Guarujá;;pendente_email1;;;;
reativacao;Fernanda Rocha;contato178@exemplo.com;Bertioga Launch;Bertioga;;pendente_email1;;;;
reativacao;Fábio Souza;contato183@exemplo.com;Itanhaém Launch;Itanhaém;;pendente_email1;;;;
reativacao;Marina Costa;contato187@exemplo.com;Guarujá Platinum;Guarujá;;pendente_email1;;;;
reativacao;Larissa Barros;contato193@exemplo.com;Itanhaém Platinum;Itanhaém;;pendente_email1;;;;
reativacao;Fábio Rocha;contato202@exemplo.com;Guarujá Elite;Guarujá;;pendente_email1;;;;
reativacao;Thiago Lima;contato208@exemplo.com;Itanhaém Elite;Itanhaém;;pendente_email1;;;;
reativacao;Igor Barros;contato217@exemplo.com;Guarujá Prime;Guarujá;;pendente_email1;;;;
reativacao;Ana Lima;contato4@exemplo.com;Norte Sul Praia;Guarujá;;pendente_email1;;;;
reativacao;Luciana Nunes;contato9@exemplo.com;Ocean Blue Centro;Santos;;pendente_email1;;;;
reativacao;Fernanda Souza;contato16@exemplo.com;Prime Imóveis Site;Peruíbe;;pendente_email1;;;;
reativacao;Carlos Souza;contato28@exemplo.com;Itanhaém Mar;Itanhaém;;pendente_email1;;;;
reativacao;Paula Souza;contato37@exemplo.com;José Menino Premium;Santos;;pendente_email1;;;;
reativacao;Paula Torres;contato43@exemplo.com;Gaivota Imóveis;Itanhaém;;pendente_email1;;;;
reativacao;Luciana Barros;contato43@exemplo.com;Itanhaém Centro;Itanhaém;;pendente_email1;;;;
reativacao;Eduardo Pires;contato67@exemplo.com;Guarujá Blue;Guarujá;;pendente_email1;;;;
reativacao;Sofia Almeida;contato68@exemplo.com;Bertioga Riviera;Bertioga;;pendente_email1;;;;
reativacao;Gustavo Lima;contato73@exemplo.com;Itanhaém View;Itanhaém;;pendente_email1;;;;
reativacao;Ricardo Souza;contato118@exemplo.com;Bertioga Smart;Bertioga;;pendente_email1;;;;
reativacao;Amanda Rocha;contato137@exemplo.com;Guarujá Zen;Guarujá;;pendente_email1;;;;
reativacao;André Luiz;contato138@exemplo.com;Bertioga Premium;Bertioga;;pendente_email1;;;;
reativacao;Aline Barros;contato157@exemplo.com;Guarujá Vision;Guarujá;;pendente_email1;;;;
reativacao;Carlos Lima;contato1@exemplo.com;Alpha Imóveis Praia;Santos;;pendente_email1;;;;
reativacao;Paulo Ribeiro;contato22@exemplo.com;Maresias Imóveis;Bertioga;;pendente_email1;;;;
reativacao;Luciana Nunes;contato27@exemplo.com;Mongaguá Atlântica;Mongaguá;;pendente_email1;;;;
reativacao;Renata Lima;contato36@exemplo.com;Vila Tupi Imóveis;Praia Grande;;pendente_email1;;;;
reativacao;Ricardo Souza;contato49@exemplo.com;Jussara Digital;Mongaguá;;pendente_email1;;;;
reativacao;Ricardo Nunes;contato42@exemplo.com;Mongaguá Sul;Mongaguá;;pendente_email1;;;;
reativacao;Ricardo Almeida;contato50@exemplo.com;Barra Peruíbe Sul;Peruíbe;;pendente_email1;;;;
reativacao;Aline Torres;contato72@exemplo.com;Mongaguá Beach;Mongaguá;;pendente_email1;;;;
reativacao;Lívia Souza;contato82@exemplo.com;Mongaguá Centro;Mongaguá;;pendente_email1;;;;
reativacao;Marcelo Barros;contato90@exemplo.com;Barra Norte;Peruíbe;;pendente_email1;;;;
reativacao;Catarina Lima;contato97@exemplo.com;Mongaguá Tropical;Mongaguá;;pendente_email1;;;;
reativacao;Camila Ferreira;contato107@exemplo.com;Mongaguá Blue;Mongaguá;;pendente_email1;;;;
reativacao;Marcelo Almeida;contato115@exemplo.com;Barra Norte;Peruíbe;;pendente_email1;;;;
reativacao;Aline Barros;contato117@exemplo.com;Guarujá Smart;Guarujá;;pendente_email1;;;;
reativacao;Aline Souza;contato127@exemplo.com;Mongaguá Relax;Mongaguá;;pendente_email1;;;;
reativacao;Fernanda Costa;contato135@exemplo.com;Barra Digital;Peruíbe;;pendente_email1;;;;
reativacao;Ricardo Rocha;contato147@exemplo.com;Mongaguá Executive;Mongaguá;;pendente_email1;;;;
reativacao;Fernanda Costa;contato155@exemplo.com;Barra Executive;Peruíbe;;pendente_email1;;;;
reativacao;Camila Rocha;contato167@exemplo.com;Mongaguá Blue;Mongaguá;;pendente_email1;;;;
reativacao;Camila Lima;contato182@exemplo.com;Mongaguá Launch;Mongaguá;;pendente_email1;;;;
reativacao;Ricardo Rocha;contato192@exemplo.com;Mongaguá Platinum;Mongaguá;;pendente_email1;;;;
reativacao;Lívia Souza;contato207@exemplo.com;Mongaguá Elite;Mongaguá;;pendente_email1;;;;
reativacao;Marcelo Barros;contato215@exemplo.com;Barra Elite;Peruíbe;;pendente_email1;;;;
reativacao;Ana Lima;contato2@exemplo.com;Região Sul Digital;Mongaguá;;pendente_email1;;;;
reativacao;Luciana Costa;contato12@exemplo.com;Norte Sul Site;São Vicente;;pendente_email1;;;;
reativacao;Fernanda Nunes;contato14@exemplo.com;Sol & Mar Centro;Bertioga;;pendente_email1;;;;
reativacao;Carlos Almeida;contato35@exemplo.com;Barra de Peruíbe;Peruíbe;;pendente_email1;;;;
reativacao;Fernanda Lima;contato48@exemplo.com;Balneário Conchas;Mongaguá;;pendente_email1;;;;
reativacao;Juliana Mendes;contato37@exemplo.com;Maresias Tech;Bertioga;;pendente_email1;;;;
reativacao;Bruno Mendes;contato79@exemplo.com;Praia Grande Sul;Praia Grande;;pendente_email1;;;;
reativacao;André Luiz;contato104@exemplo.com;Praia Grande Business;Praia Grande;;pendente_email1;;;;
reativacao;Ricardo Nunes;contato124@exemplo.com;Praia Grande Estrutura;Praia Grande;;pendente_email1;;;;
reativacao;Fernanda Lima;contato144@exemplo.com;Praia Grande Executive;Praia Grande;;pendente_email1;;;;
reativacao;Ricardo Lima;contato164@exemplo.com;Praia Grande Smart;Praia Grande;;pendente_email1;;;;
reativacao;Ricardo Mendes;contato179@exemplo.com;Praia Grande Launch;Praia Grande;;pendente_email1;;;;
reativacao;Fernanda Lima;contato189@exemplo.com;Praia Grande Platinum;Praia Grande;;pendente_email1;;;;
reativacao;Bruno Mendes;contato204@exemplo.com;Praia Grande Elite;Praia Grande;;pendente_email1;;;;
reativacao;Maria Rocha;contato5@exemplo.com;Beta Imóveis Praia;São Vicente;;pendente_email1;;;;
reativacao;Ricardo Mendes;contato7@exemplo.com;Região Sul Digital;Bertioga;;pendente_email1;;;;
reativacao;Luciana Mendes;contato11@exemplo.com;Imobiliária Litoral Litoral;Santos;;pendente_email1;;;;
reativacao;Amanda Costa;contato20@exemplo.com;Costa Azul Imóveis;Praia Grande;;pendente_email1;;;;
reativacao;Paulo Almeida;contato47@exemplo.com;Vila São Paulo;Mongaguá;;pendente_email1;;;;
reativacao;Marcos Vinícius;contato69@exemplo.com;Praia Grande Park;Praia Grande;;pendente_email1;;;;
reativacao;Rodrigo Dias;contato94@exemplo.com;Praia Grande Center;Praia Grande;;pendente_email1;;;;
reativacao;Ricardo Costa;contato38@exemplo.com;Jardim Rio Branco;São Vicente;;pendente_email1;;;;
reativacao;Carlos Almeida;contato190@exemplo.com;São Vicente Platinum;São Vicente;;pendente_email1;;;;
reativacao;Carla Dias;contato205@exemplo.com;São Vicente Elite;São Vicente;;pendente_email1;;;;
reativacao;Priscila Nunes;contato220@exemplo.com;São Vicente Prime;São Vicente;;pendente_email1;;;;
reativacao;Patrícia Lima;contato25@exemplo.com;São Vicente Premium;São Vicente;;pendente_email1;;;;
reativacao;Lucas Mendes;contato40@exemplo.com;Agenor de Campos;Mongaguá;;pendente_email1;;;;
reativacao;Camila Costa;contato45@exemplo.com;Itinguçu Imóveis;Peruíbe;;pendente_email1;;;;
reativacao;André Costa;contato38@exemplo.com;Guarujá Mar Digital;Guarujá;;pendente_email1;;;;
reativacao;Carla Dias;contato80@exemplo.com;São Vicente Norte;São Vicente;;pendente_email1;;;;
reativacao;Priscila Nunes;contato95@exemplo.com;São Vicente Green;São Vicente;;pendente_email1;;;;
reativacao;Juliana Martins;contato105@exemplo.com;São Vicente Bay;São Vicente;;pendente_email1;;;;
reativacao;Patrícia Mendes;contato125@exemplo.com;São Vicente Conectada;São Vicente;;pendente_email1;;;;
reativacao;Carlos Almeida;contato145@exemplo.com;São Vicente Executive;São Vicente;;pendente_email1;;;;
reativacao;Carla Dias;contato165@exemplo.com;São Vicente Connect;São Vicente;;pendente_email1;;;;
reativacao;Carla Dias;contato180@exemplo.com;São Vicente Launch;São Vicente;;pendente_email1;;;;
reativacao;Camila Torres;contato23@exemplo.com;Enseada Digital;Guarujá;;pendente_email1;;;;
reativacao;Alexandre Pires;contato85@exemplo.com;Tombo Digital;Guarujá;;pendente_email1;;;;
reativacao;Rafael Almeida;contato110@exemplo.com;Tombo Beach;Guarujá;;pendente_email1;;;;
reativacao;Carlos Mendes;contato120@exemplo.com;São Vicente Smart;São Vicente;;pendente_email1;;;;
reativacao;Fábio Ribeiro;contato130@exemplo.com;Tombo Surf;Guarujá;;pendente_email1;;;;
reativacao;Rodrigo Almeida;contato140@exemplo.com;São Vicente Premium;São Vicente;;pendente_email1;;;;
reativacao;Bianca Martins;contato150@exemplo.com;Tombo Executive;Guarujá;;pendente_email1;;;;
reativacao;Rafael Barros;contato170@exemplo.com;Tombo Beach;Guarujá;;pendente_email1;;;;
reativacao;Rafael Almeida;contato185@exemplo.com;Tombo Launch;Guarujá;;pendente_email1;;;;
reativacao;Bianca Martins;contato195@exemplo.com;Tombo Platinum;Guarujá;;pendente_email1;;;;
reativacao;Alexandre Pires;contato210@exemplo.com;Tombo Elite;Guarujá;;pendente_email1;;;;
reativacao;Carlos Mendes;contato45@exemplo.com;Tombo Norte;Guarujá;;pendente_email1;;;;
reativacao;Rafael Souza;contato75@exemplo.com;Tombo Beach;Guarujá;;pendente_email1;;;;
reativacao;Daniel Almeida;contato88@exemplo.com;Catiapoã Sul;São Vicente;;pendente_email1;;;;
reativacao;Caio Ribeiro;contato100@exemplo.com;Tombo Exclusive;Guarujá;;pendente_email1;;;;
reativacao;Renata Almeida;contato133@exemplo.com;Catiapoã Nature;São Vicente;;pendente_email1;;;;
reativacao;Fernanda Costa;contato173@exemplo.com;Catiapoã Nature;São Vicente;;pendente_email1;;;;
reativacao;Renata Almeida;contato198@exemplo.com;Catiapoã Platinum;São Vicente;;pendente_email1;;;;
reativacao;Daniel Almeida;contato213@exemplo.com;Catiapoã Elite;São Vicente;;pendente_email1;;;;
reativacao;Fernanda Rocha;contato48@exemplo.com;Catiapoã Norte;São Vicente;;pendente_email1;;;;
reativacao;Fernanda Costa;contato113@exemplo.com;Catiapoã Digital;São Vicente;;pendente_email1;;;;
reativacao;Renata Almeida;contato153@exemplo.com;Catiapoã Executive;São Vicente;;pendente_email1;;;;
whitelabel;Bruno Souza;contato469@exemplo.com;Prime Imóveis Praia;São Vicente;;pendente_email1;;;;
whitelabel;Patrícia Barros;contato231@exemplo.com;Caiçara Digital View;Bertioga;;pendente_email1;;;;
whitelabel;Maria Costa;contato290@exemplo.com;Prime Imóveis Litoral;Guarujá;;pendente_email1;;;;
whitelabel;Juliana Silva;contato364@exemplo.com;Edifica Praia Litoral;Peruíbe;;pendente_email1;;;;
whitelabel;Bruno Silva;contato398@exemplo.com;Realize II Blue;Mongaguá;;pendente_email1;;;;
whitelabel;Luciana Teixeira;contato510@exemplo.com;Mar Brasil Centro;Peruíbe;;pendente_email1;;;;
whitelabel;Bianca Gomes;contato548@exemplo.com;Realize II Tech;Itanhaém;;pendente_email1;;;;
whitelabel;Juliana Lopes;contato568@exemplo.com;Edifica Praia Prime;Praia Grande;;pendente_email1;;;;
whitelabel;Maria Costa;contato265@exemplo.com;Beta Imóveis Site;Guarujá;;pendente_email1;;;;
whitelabel;Juliana Moura;contato420@exemplo.com;Sul Imóveis Site;Guarujá;;pendente_email1;;;;
whitelabel;Maria Souza;contato588@exemplo.com;Costa Azul View;Santos;;pendente_email1;;;;
whitelabel;Bruno Lima;contato309@exemplo.com;Caiçara Digital Litoral;Mongaguá;;pendente_email1;;;;
whitelabel;Larissa Rocha;contato436@exemplo.com;Caiçara Digital Blue;Itanhaém;;pendente_email1;;;;
whitelabel;Fernanda Pereira;contato239@exemplo.com;Barra Digital Praia;São Vicente;;pendente_email1;;;;
whitelabel;Juliana Rocha;contato310@exemplo.com;Litoral Brasil Prime;Itanhaém;;pendente_email1;;;;
whitelabel;Bianca Silva;contato547@exemplo.com;Edifica Praia Praia;Mongaguá;;pendente_email1;;;;
whitelabel;Juliana Mendes;contato249@exemplo.com;Caiçara Digital Site;Praia Grande;;pendente_email1;;;;
whitelabel;Fernanda Mendes;contato314@exemplo.com;Norte Sul Praia;Mongaguá;;pendente_email1;;;;
whitelabel;Fernanda Nunes;contato554@exemplo.com;Ocean Blue View;Mongaguá;;pendente_email1;;;;
whitelabel;Maria Gomes;contato222@exemplo.com;Realize II Prime;Itanhaém;;pendente_email1;;;;
whitelabel;Renata Souza;contato283@exemplo.com;Recife Imóveis Blue;Mongaguá;;pendente_email1;;;;
whitelabel;Paulo Teixeira;contato410@exemplo.com;Ocean Blue Centro;Peruíbe;;pendente_email1;;;;
whitelabel;Ana Souza;contato429@exemplo.com;Mongaguá Imóveis Litoral;São Vicente;;pendente_email1;;;;
whitelabel;Mariana Araújo;contato460@exemplo.com;Norte Sul Digital;Guarujá;;pendente_email1;;;;
whitelabel;Mariana Teixeira;contato471@exemplo.com;Sol & Mar Blue;Praia Grande;;pendente_email1;;;;
whitelabel;Larissa Moura;contato499@exemplo.com;Realize II Centro;São Vicente;;pendente_email1;;;;
whitelabel;Maria Gomes;contato560@exemplo.com;Mar Brasil Blue;Peruíbe;;pendente_email1;;;;
whitelabel;Lívia Vieira;contato580@exemplo.com;Mar View;Peruíbe;;pendente_email1;;;;
whitelabel;Ana Souza;contato247@exemplo.com;Praia Grande Site Site;Mongaguá;;pendente_email1;;;;
whitelabel;Juliana Souza;contato403@exemplo.com;Itanhaém Premium Prime;São Vicente;;pendente_email1;;;;
whitelabel;Ana Rocha;contato458@exemplo.com;Mar & Sol Prime;Guarujá;;pendente_email1;;;;
whitelabel;Ana Lopes;contato480@exemplo.com;Ocean Blue Praia;Bertioga;;pendente_email1;;;;
whitelabel;Ana Lopes;contato312@exemplo.com;Praia Grande Site Litoral;Santos;;pendente_email1;;;;
whitelabel;Ana Souza;contato226@exemplo.com;Caiçara Digital Prime;Peruíbe;;pendente_email1;;;;
whitelabel;João Rocha;contato284@exemplo.com;Norte Sul Centro;Praia Grande;;pendente_email1;;;;
whitelabel;Fernanda Pereira;contato319@exemplo.com;Mar & Sol Imóveis;Santos;;pendente_email1;;;;
whitelabel;Bruno Ferreira;contato524@exemplo.com;Caiçara Digital Site;Itanhaém;;pendente_email1;;;;
whitelabel;Larissa Vieira;contato539@exemplo.com;Riviera Blue Centro;São Vicente;;pendente_email1;;;;
whitelabel;Fernanda Nunes;contato264@exemplo.com;Barra Digital Site;Peruíbe;;pendente_email1;;;;
whitelabel;Juliana Rocha;contato438@exemplo.com;Praia Grande Site Blue;Guarujá;;pendente_email1;;;;
whitelabel;Thiago Alves;contato515@exemplo.com;Norte Sul Prime;Peruíbe;;pendente_email1;;;;
whitelabel;Ana Nunes;contato253@exemplo.com;Edifica Praia Centro;Guarujá;;pendente_email1;;;;
whitelabel;Bruno Ferreira;contato419@exemplo.com;Edifica Praia View;Itanhaém;;pendente_email1;;;;
whitelabel;Larissa Gomes;contato308@exemplo.com;Mar Brasil Digital;Itanhaém;;pendente_email1;;;;
whitelabel;João Alves;contato343@exemplo.com;Beta Imóveis Centro;Bertioga;;pendente_email1;;;;
whitelabel;Luciana Alves;contato583@exemplo.com;Barra Digital Centro;Bertioga;;pendente_email1;;;;
whitelabel;Paulo Pereira;contato350@exemplo.com;Costa Verde Litoral;Itanhaém;;pendente_email1;;;;
whitelabel;Thiago Pereira;contato549@exemplo.com;Costa Azul Prime;Guarujá;;pendente_email1;;;;
whitelabel;Ana Nunes;contato318@exemplo.com;Norte Sul Praia;Mongaguá;;pendente_email1;;;;
whitelabel;Bruno Teixeira;contato303@exemplo.com;Mar & Sol View;Guarujá;;pendente_email1;;;;
whitelabel;Mariana Gomes;contato426@exemplo.com;Edifica Praia Blue;São Vicente;;pendente_email1;;;;
whitelabel;Juliana Costa;contato577@exemplo.com;Costa Azul  Prop;Praia Grande;;pendente_email1;;;;
whitelabel;Paulo Mendes;contato579@exemplo.com;Porto da Lua Prop;Santos;;pendente_email1;;;;
whitelabel;Maria Costa;contato590@exemplo.com;Costa Azul Prop;Santos;;pendente_email1;;;;
whitelabel;Ana Alves;contato514@exemplo.com;Mongaguá Imóveis Praia;Praia Grande;;pendente_email1;;;;
whitelabel;Amanda Moura;contato589@exemplo.com;Vista Mar Litoral;Guarujá;;pendente_email1;;;;
whitelabel;Fernanda Rocha;contato596@exemplo.com;Caiçara Digital Praia;Praia Grande;;pendente_email1;;;;
whitelabel;Tatiane Moreira;contato66@exemplo.com;Santos Ocean View;Santos;;pendente_email1;;;;
whitelabel;Viviane Paes;contato76@exemplo.com;Santos Premium Digital;Santos;;pendente_email1;;;;
whitelabel;Helena Vaz;contato91@exemplo.com;Santos Tower Imóveis;Santos;;pendente_email1;;;;
whitelabel;Isabela Fernandes;contato101@exemplo.com;Santos Luxo;Santos;;pendente_email1;;;;
whitelabel;Mariana Costa;contato121@exemplo.com;Santos Smart Home;Santos;;pendente_email1;;;;
whitelabel;Roberto Dias;contato141@exemplo.com;Santos Executive;Santos;;pendente_email1;;;;
whitelabel;Patrícia Gomes;contato161@exemplo.com;Santos Bay Homes;Santos;;pendente_email1;;;;
whitelabel;Renata Almeida;contato176@exemplo.com;Santos Launch;Santos;;pendente_email1;;;;
whitelabel;Roberto Dias;contato186@exemplo.com;Santos Platinum;Santos;;pendente_email1;;;;
whitelabel;Viviane Paes;contato201@exemplo.com;Santos Elite;Santos;;pendente_email1;;;;
whitelabel;Helena Vaz;contato216@exemplo.com;Santos Prime;Santos;;pendente_email1;;;;
whitelabel;Maria Barros;contato8@exemplo.com;Ocean Blue Digital;Guarujá;;pendente_email1;;;;
whitelabel;Ricardo Barros;contato24@exemplo.com;Praia Grande Imóveis;Praia Grande;;pendente_email1;;;;
whitelabel;Teresa Almeida;contato41@exemplo.com;Cibratel Imóveis;Itanhaém;;pendente_email1;;;;
whitelabel;Larissa Barros;contato129@exemplo.com;Riviera Business;Bertioga;;pendente_email1;;;;
whitelabel;Carlos Barros;contato10@exemplo.com;Região Sul Praia;Peruíbe;;pendente_email1;;;;
whitelabel;Luciana Dias;contato49@exemplo.com;Caiçara Norte;Praia Grande;;pendente_email1;;;;
whitelabel;Marcelo Dias;contato154@exemplo.com;Caiçara Executive;Praia Grande;;pendente_email1;;;;
whitelabel;Rafaela Nunes;contato87@exemplo.com;Embaré Digital;Santos;;pendente_email1;;;;
whitelabel;Paulo Nunes;contato172@exemplo.com;Embaré Tech;Santos;;pendente_email1;;;;
whitelabel;Gustavo Costa;contato181@exemplo.com;Peruíbe Launch;Peruíbe;;pendente_email1;;;;
whitelabel;Camila Ribeiro;contato211@exemplo.com;Gonzaga Elite;Santos;;pendente_email1;;;;
whitelabel;Gustavo Henrique;contato81@exemplo.com;Peruíbe Centro Digital;Peruíbe;;pendente_email1;;;;
whitelabel;Renato Lima;contato116@exemplo.com;Santos Smart;Santos;;pendente_email1;;;;
whitelabel;Juliano Mendes;contato136@exemplo.com;Santos Connect;Santos;;pendente_email1;;;;
whitelabel;Luciana Souza;contato18@exemplo.com;Mar & Sol Litoral;Santos;;pendente_email1;;;;
whitelabel;Thiago Almeida;contato122@exemplo.com;Guarujá Conecta;Guarujá;;pendente_email1;;;;
whitelabel;Fernanda Lima;contato123@exemplo.com;Bertioga Inovação;Bertioga;;pendente_email1;;;;
whitelabel;Gustavo Costa;contato128@exemplo.com;Itanhaém Surf;Itanhaém;;pendente_email1;;;;
whitelabel;Carolina Mendes;contato50@exemplo.com;Litoral Sul Imóveis;Santos;;pendente_email1;;;;
whitelabel;Ricardo Souza;contato158@exemplo.com;Bertioga Vision;Bertioga;;pendente_email1;;;;
whitelabel;Fernanda Rocha;contato17@exemplo.com;Região Sul Centro;Bertioga;;pendente_email1;;;;
whitelabel;Ricardo Nunes;contato44@exemplo.com;Baixio Digital;Itanhaém;;pendente_email1;;;;
whitelabel;Marcelo Almeida;contato175@exemplo.com;Barra Norte;Peruíbe;;pendente_email1;;;;
whitelabel;Fernanda Costa;contato200@exemplo.com;Barra Platinum;Peruíbe;;pendente_email1;;;;
whitelabel;Maria Barros;contato3@exemplo.com;Ocean Blue Digital;Santos;;pendente_email1;;;;
whitelabel;Fábio Rocha;contato77@exemplo.com;Guarujá Norte Digital;Guarujá;;pendente_email1;;;;
whitelabel;Rodrigo Dias;contato219@exemplo.com;Praia Grande Prime;Praia Grande;;pendente_email1;;;;
whitelabel;Bianca Ramos;contato70@exemplo.com;São Vicente Bay;São Vicente;;pendente_email1;;;;
whitelabel;Fábio Rocha;contato42@exemplo.com;Jardim Grandesp;Itanhaém;;pendente_email1;;;;
whitelabel;Paulo Rocha;contato40@exemplo.com;São Vicente Sul;São Vicente;;pendente_email1;;;;
whitelabel;Ricardo Lima;contato30@exemplo.com;Tombo Imóveis;Guarujá;;pendente_email1;;;;
whitelabel;Rodrigo Almeida;contato160@exemplo.com;São Vicente Vision;São Vicente;;pendente_email1;;;;
whitelabel;Fernanda Costa;contato33@exemplo.com;Catiapoã Digital;São Vicente;;pendente_email1;;;;
