Nome,Empresa,Cidade,Email,Assunto,Mensagem,DataEnvio
Luciana Costa,Barra Digital Digital,São Vicente,contato354@exemplo.com,Serviço de fotografia profissional + edicao profissional para Barra Digital Digital,"Olá, Luciana Costa!  Me chamo Carolina Moura, CEO da Praia Digital.  Notei que a Barra Digital Digital (São Vicente) esta buscando melhorar seu conteudo e anuncios. Por isso, quero apresentar uma solucao rapida para aumentar vendas em ate 7 dias:  Servico: Fotografia Profissional + Edicao Profissional de Imoveis  Por que funciona: - Imoveis com fotos profissionais recebem ate 3x mais contatos - Visitantes passam 40% mais tempo na pagina - Anuncios com fotos editadas fecham ate 2x mais rapido  O que esta incluso: - Ensaio fotografico profissional (ate 10 fotos/imovel) - Edicao avancada: correcao de luz, cor, remocao de imperfeicoes - Fotos otimizadas para portais, Instagram e site - Entrega em 48h  Investimento: sob medida por imovel ou pacote mensal.  Acesso gratuito as nossas ferramentas: https://praia.digital Conheca nosso site: https://acarolmourad-commits.github.io/praia-digital/  Podemos conversar 15 minutos para entender a necessidade da Barra Digital Digital?  Att, Carolina Moura CEO Praia Digital WhatsApp: (11) 95434-6288 E-mail: comercial@praia.digital ",2026-07-09
Luciana Barros,Realize II Site,Peruíbe,contato355@exemplo.com,Serviço de fotografia profissional + edicao profissional para Realize II Site,"Olá, Luciana Barros!  Me chamo Carolina Moura, CEO da Praia Digital.  Notei que a Realize II Site (Peruíbe) esta buscando melhorar seu conteudo e anuncios. Por isso, quero apresentar uma solucao rapida para aumentar vendas em ate 7 dias:  Servico: Fotografia Profissional + Edicao Profissional de Imoveis  Por que funciona: - Imoveis com fotos profissionais recebem ate 3x mais contatos - Visitantes passam 40% mais tempo na pagina - Anuncios com fotos editadas fecham ate 2x mais rapido  O que esta incluso: - Ensaio fotografico profissional (ate 10 fotos/imovel) - Edicao avancada: correcao de luz, cor, remocao de imperfeicoes - Fotos otimizadas para portais, Instagram e site - Entrega em 48h  Investimento: sob medida por imovel ou pacote mensal.  Acesso gratuito as nossas ferramentas: https://praia.digital Conheca nosso site: https://acarolmourad-commits.github.io/praia-digital/  Podemos conversar 15 minutos para entender a necessidade da Realize II Site?  Att, Carolina Moura CEO Praia Digital WhatsApp: (11) 95434-6288 E-mail: comercial@praia.digital ",2026-07-09
Marcelo Pereira,Praia Grande Site Site,São Vicente,contato286@exemplo.com,Serviço de fotografia profissional + edicao profissional para Praia Grande Site Site,"Olá, Marcelo Pereira!  Me chamo Carolina Moura, CEO da Praia Digital.  Notei que a Praia Grande Site Site (São Vicente) esta buscando melhorar seu conteudo e anuncios. Por isso, quero apresentar uma solucao rapida para aumentar vendas em ate 7 dias:  Servico: Fotografia Profissional + Edicao Profissional de Imoveis  Por que funciona: - Imoveis com fotos profissionais recebem ate 3x mais contatos - Visitantes passam 40% mais tempo na pagina - Anuncios com fotos editadas fecham ate 2x mais rapido  O que esta incluso: - Ensaio fotografico profissional (ate 10 fotos/imovel) - Edicao avancada: correcao de luz, cor, remocao de imperfeicoes - Fotos otimizadas para portais, Instagram e site - Entrega em 48h  Investimento: sob medida por imovel ou pacote mensal.  Acesso gratuito as nossas ferramentas: https://praia.digital Conheca nosso site: https://acarolmourad-commits.github.io/praia-digital/  Podemos conversar 15 minutos para entender a necessidade da Praia Grande Site Site?  Att, Carolina Moura CEO Praia Digital WhatsApp: (11) 95434-6288 E-mail: comercial@praia.digital ",2026-07-09
Ricardo Lima,Norte Imóveis Prime,Bertioga,contato295@exemplo.com,Serviço de fotografia profissional + edicao profissional para Norte Imóveis Prime,"Olá, Ricardo Lima!  Me chamo Carolina Moura, CEO da Praia Digital.  Notei que a Norte Imóveis Prime (Bertioga) esta buscando melhorar seu conteudo e anuncios. Por isso, quero apresentar uma solucao rapida para aumentar vendas em ate 7 dias:  Servico: Fotografia Profissional + Edicao Profissional de Imoveis  Por que funciona: - Imoveis com fotos profissionais recebem ate 3x mais contatos - Visitantes passam 40% mais tempo na pagina - Anuncios com fotos editadas fecham ate 2x mais rapido  O que esta incluso: - Ensaio fotografico profissional (ate 10 fotos/imovel) - Edicao avancada: correcao de luz, cor, remocao de imperfeicoes - Fotos otimizadas para portais, Instagram e site - Entrega em 48h  Investimento: sob medida por imovel ou pacote mensal.  Acesso gratuito as nossas ferramentas: https://praia.digital Conheca nosso site: https://acarolmourad-commits.github.io/praia-digital/  Podemos conversar 15 minutos para entender a necessidade da Norte Imóveis Prime?  Att, Carolina Moura CEO Praia Digital WhatsApp: (11) 95434-6288 E-mail: comercial@praia.digital ",2026-07-09
Carlos Lopes,Mar & Sol Tech,Santos,contato387@exemplo.com,Serviço de fotografia profissional + edicao profissional para Mar & Sol Tech,"Olá, Carlos Lopes!  Me chamo Carolina Moura, CEO da Praia Digital.  Notei que a Mar & Sol Tech (Santos) esta buscando melhorar seu conteudo e anuncios. Por isso, quero apresentar uma solucao rapida para aumentar vendas em ate 7 dias:  Servico: Fotografia Profissional + Edicao Profissional de Imoveis  Por que funciona: - Imoveis com fotos profissionais recebem ate 3x mais contatos - Visitantes passam 40% mais tempo na pagina - Anuncios com fotos editadas fecham ate 2x mais rapido  O que esta incluso: - Ensaio fotografico profissional (ate 10 fotos/imovel) - Edicao avancada: correcao de luz, cor, remocao de imperfeicoes - Fotos otimizadas para portais, Instagram e site - Entrega em 48h  Investimento: sob medida por imovel ou pacote mensal.  Acesso gratuito as nossas ferramentas: https://praia.digital Conheca nosso site: https://acarolmourad-commits.github.io/praia-digital/  Podemos conversar 15 minutos para entender a necessidade da Mar & Sol Tech?  Att, Carolina Moura CEO Praia Digital WhatsApp: (11) 95434-6288 E-mail: comercial@praia.digital ",2026-07-09
Ricardo Gomes,Praia Grande Site Imóveis,Peruíbe,contato272@exemplo.com,Serviço de fotografia profissional + edicao profissional para Praia Grande Site Imóveis,"Olá, Ricardo Gomes!  Me chamo Carolina Moura, CEO da Praia Digital.  Notei que a Praia Grande Site Imóveis (Peruíbe) esta buscando melhorar seu conteudo e anuncios. Por isso, quero apresentar uma solucao rapida para aumentar vendas em ate 7 dias:  Servico: Fotografia Profissional + Edicao Profissional de Imoveis  Por que funciona: - Imoveis com fotos profissionais recebem ate 3x mais contatos - Visitantes passam 40% mais tempo na pagina - Anuncios com fotos editadas fecham ate 2x mais rapido  O que esta incluso: - Ensaio fotografico profissional (ate 10 fotos/imovel) - Edicao avancada: correcao de luz, cor, remocao de imperfeicoes - Fotos otimizadas para portais, Instagram e site - Entrega em 48h  Investimento: sob medida por imovel ou pacote mensal.  Acesso gratuito as nossas ferramentas: https://praia.digital Conheca nosso site: https://acarolmourad-commits.github.io/praia-digital/  Podemos conversar 15 minutos para entender a necessidade da Praia Grande Site Imóveis?  Att, Carolina Moura CEO Praia Digital WhatsApp: (11) 95434-6288 E-mail: comercial@praia.digital ",2026-07-09
Patrícia Alves,Realize II Imóveis,Santos,contato315@exemplo.com,Serviço de fotografia profissional + edicao profissional para Realize II Imóveis,"Olá, Patrícia Alves!  Me chamo Carolina Moura, CEO da Praia Digital.  Notei que a Realize II Imóveis (Santos) esta buscando melhorar seu conteudo e anuncios. Por isso, quero apresentar uma solucao rapida para aumentar vendas em ate 7 dias:  Servico: Fotografia Profissional + Edicao Profissional de Imoveis  Por que funciona: - Imoveis com fotos profissionais recebem ate 3x mais contatos - Visitantes passam 40% mais tempo na pagina - Anuncios com fotos editadas fecham ate 2x mais rapido  O que esta incluso: - Ensaio fotografico profissional (ate 10 fotos/imovel) - Edicao avancada: correcao de luz, cor, remocao de imperfeicoes - Fotos otimizadas para portais, Instagram e site - Entrega em 48h  Investimento: sob medida por imovel ou pacote mensal.  Acesso gratuito as nossas ferramentas: https://praia.digital Conheca nosso site: https://acarolmourad-commits.github.io/praia-digital/  Podemos conversar 15 minutos para entender a necessidade da Realize II Imóveis?  Att, Carolina Moura CEO Praia Digital WhatsApp: (11) 95434-6288 E-mail: comercial@praia.digital ",2026-07-09
João Lima,Região Sul Digital,São Vicente,contato326@exemplo.com,Serviço de fotografia profissional + edicao profissional para Região Sul Digital,"Olá, João Lima!  Me chamo Carolina Moura, CEO da Praia Digital.  Notei que a Região Sul Digital (São Vicente) esta buscando melhorar seu conteudo e anuncios. Por isso, quero apresentar uma solucao rapida para aumentar vendas em ate 7 dias:  Servico: Fotografia Profissional + Edicao Profissional de Imoveis  Por que funciona: - Imoveis com fotos profissionais recebem ate 3x mais contatos - Visitantes passam 40% mais tempo na pagina - Anuncios com fotos editadas fecham ate 2x mais rapido  O que esta incluso: - Ensaio fotografico profissional (ate 10 fotos/imovel) - Edicao avancada: correcao de luz, cor, remocao de imperfeicoes - Fotos otimizadas para portais, Instagram e site - Entrega em 48h  Investimento: sob medida por imovel ou pacote mensal.  Acesso gratuito as nossas ferramentas: https://praia.digital Conheca nosso site: https://acarolmourad-commits.github.io/praia-digital/  Podemos conversar 15 minutos para entender a necessidade da Região Sul Digital?  Att, Carolina Moura CEO Praia Digital WhatsApp: (11) 95434-6288 E-mail: comercial@praia.digital ",2026-07-09
Ana Barros,Santos Tower Site,Bertioga,contato340@exemplo.com,Serviço de fotografia profissional + edicao profissional para Santos Tower Site,"Olá, Ana Barros!  Me chamo Carolina Moura, CEO da Praia Digital.  Notei que a Santos Tower Site (Bertioga) esta buscando melhorar seu conteudo e anuncios. Por isso, quero apresentar uma solucao rapida para aumentar vendas em ate 7 dias:  Servico: Fotografia Profissional + Edicao Profissional de Imoveis  Por que funciona: - Imoveis com fotos profissionais recebem ate 3x mais contatos - Visitantes passam 40% mais tempo na pagina - Anuncios com fotos editadas fecham ate 2x mais rapido  O que esta incluso: - Ensaio fotografico profissional (ate 10 fotos/imovel) - Edicao avancada: correcao de luz, cor, remocao de imperfeicoes - Fotos otimizadas para portais, Instagram e site - Entrega em 48h  Investimento: sob medida por imovel ou pacote mensal.  Acesso gratuito as nossas ferramentas: https://praia.digital Conheca nosso site: https://acarolmourad-commits.github.io/praia-digital/  Podemos conversar 15 minutos para entender a necessidade da Santos Tower Site?  Att, Carolina Moura CEO Praia Digital WhatsApp: (11) 95434-6288 E-mail: comercial@praia.digital ",2026-07-09
Juliana Gomes,Caiçara Digital Litoral,Mongaguá,contato433@exemplo.com,Serviço de fotografia profissional + edicao profissional para Caiçara Digital Litoral,"Olá, Juliana Gomes!  Me chamo Carolina Moura, CEO da Praia Digital.  Notei que a Caiçara Digital Litoral (Mongaguá) esta buscando melhorar seu conteudo e anuncios. Por isso, quero apresentar uma solucao rapida para aumentar vendas em ate 7 dias:  Servico: Fotografia Profissional + Edicao Profissional de Imoveis  Por que funciona: - Imoveis com fotos profissionais recebem ate 3x mais contatos - Visitantes passam 40% mais tempo na pagina - Anuncios com fotos editadas fecham ate 2x mais rapido  O que esta incluso: - Ensaio fotografico profissional (ate 10 fotos/imovel) - Edicao avancada: correcao de luz, cor, remocao de imperfeicoes - Fotos otimizadas para portais, Instagram e site - Entrega em 48h  Investimento: sob medida por imovel ou pacote mensal.  Acesso gratuito as nossas ferramentas: https://praia.digital Conheca nosso site: https://acarolmourad-commits.github.io/praia-digital/  Podemos conversar 15 minutos para entender a necessidade da Caiçara Digital Litoral?  Att, Carolina Moura CEO Praia Digital WhatsApp: (11) 95434-6288 E-mail: comercial@praia.digital ",2026-07-09
Bianca Rocha,Norte Sul Litoral,Guarujá,contato492@exemplo.com,Serviço de fotografia profissional + edicao profissional para Norte Sul Litoral,"Olá, Bianca Rocha!  Me chamo Carolina Moura, CEO da Praia Digital.  Notei que a Norte Sul Litoral (Guarujá) esta buscando melhorar seu conteudo e anuncios. Por isso, quero apresentar uma solucao rapida para aumentar vendas em ate 7 dias:  Servico: Fotografia Profissional + Edicao Profissional de Imoveis  Por que funciona: - Imoveis com fotos profissionais recebem ate 3x mais contatos - Visitantes passam 40% mais tempo na pagina - Anuncios com fotos editadas fecham ate 2x mais rapido  O que esta incluso: - Ensaio fotografico profissional (ate 10 fotos/imovel) - Edicao avancada: correcao de luz, cor, remocao de imperfeicoes - Fotos otimizadas para portais, Instagram e site - Entrega em 48h  Investimento: sob medida por imovel ou pacote mensal.  Acesso gratuito as nossas ferramentas: https://praia.digital Conheca nosso site: https://acarolmourad-commits.github.io/praia-digital/  Podemos conversar 15 minutos para entender a necessidade da Norte Sul Litoral?  Att, Carolina Moura CEO Praia Digital WhatsApp: (11) 95434-6288 E-mail: comercial@praia.digital ",2026-07-09
Thiago Souza,Realize II View,Peruíbe,contato538@exemplo.com,Serviço de fotografia profissional + edicao profissional para Realize II View,"Olá, Thiago Souza!  Me chamo Carolina Moura, CEO da Praia Digital.  Notei que a Realize II View (Peruíbe) esta buscando melhorar seu conteudo e anuncios. Por isso, quero apresentar uma solucao rapida para aumentar vendas em ate 7 dias:  Servico: Fotografia Profissional + Edicao Profissional de Imoveis  Por que funciona: - Imoveis com fotos profissionais recebem ate 3x mais contatos - Visitantes passam 40% mais tempo na pagina - Anuncios com fotos editadas fecham ate 2x mais rapido  O que esta incluso: - Ensaio fotografico profissional (ate 10 fotos/imovel) - Edicao avancada: correcao de luz, cor, remocao de imperfeicoes - Fotos otimizadas para portais, Instagram e site - Entrega em 48h  Investimento: sob medida por imovel ou pacote mensal.  Acesso gratuito as nossas ferramentas: https://praia.digital Conheca nosso site: https://acarolmourad-commits.github.io/praia-digital/  Podemos conversar 15 minutos para entender a necessidade da Realize II View?  Att, Carolina Moura CEO Praia Digital WhatsApp: (11) 95434-6288 E-mail: comercial@praia.digital ",2026-07-09
João Costa,Região Sul Site,Peruíbe,contato256@exemplo.com,Serviço de fotografia profissional + edicao profissional para Região Sul Site,"Olá, João Costa!  Me chamo Carolina Moura, CEO da Praia Digital.  Notei que a Região Sul Site (Peruíbe) esta buscando melhorar seu conteudo e anuncios. Por isso, quero apresentar uma solucao rapida para aumentar vendas em ate 7 dias:  Servico: Fotografia Profissional + Edicao Profissional de Imoveis  Por que funciona: - Imoveis com fotos profissionais recebem ate 3x mais contatos - Visitantes passam 40% mais tempo na pagina - Anuncios com fotos editadas fecham ate 2x mais rapido  O que esta incluso: - Ensaio fotografico profissional (ate 10 fotos/imovel) - Edicao avancada: correcao de luz, cor, remocao de imperfeicoes - Fotos otimizadas para portais, Instagram e site - Entrega em 48h  Investimento: sob medida por imovel ou pacote mensal.  Acesso gratuito as nossas ferramentas: https://praia.digital Conheca nosso site: https://acarolmourad-commits.github.io/praia-digital/  Podemos conversar 15 minutos para entender a necessidade da Região Sul Site?  Att, Carolina Moura CEO Praia Digital WhatsApp: (11) 95434-6288 E-mail: comercial@praia.digital ",2026-07-09
Luciana Souza,Atlântico Imóveis Centro,Santos,contato305@exemplo.com,Serviço de fotografia profissional + edicao profissional para Atlântico Imóveis Centro,"Olá, Luciana Souza!  Me chamo Carolina Moura, CEO da Praia Digital.  Notei que a Atlântico Imóveis Centro (Santos) esta buscando melhorar seu conteudo e anuncios. Por isso, quero apresentar uma solucao rapida para aumentar vendas em ate 7 dias:  Servico: Fotografia Profissional + Edicao Profissional de Imoveis  Por que funciona: - Imoveis com fotos profissionais recebem ate 3x mais contatos - Visitantes passam 40% mais tempo na pagina - Anuncios com fotos editadas fecham ate 2x mais rapido  O que esta incluso: - Ensaio fotografico profissional (ate 10 fotos/imovel) - Edicao avancada: correcao de luz, cor, remocao de imperfeicoes - Fotos otimizadas para portais, Instagram e site - Entrega em 48h  Investimento: sob medida por imovel ou pacote mensal.  Acesso gratuito as nossas ferramentas: https://praia.digital Conheca nosso site: https://acarolmourad-commits.github.io/praia-digital/  Podemos conversar 15 minutos para entender a necessidade da Atlântico Imóveis Centro?  Att, Carolina Moura CEO Praia Digital WhatsApp: (11) 95434-6288 E-mail: comercial@praia.digital ",2026-07-09
Maria Barros,Santos Tower Digital,Guarujá,contato339@exemplo.com,Serviço de fotografia profissional + edicao profissional para Santos Tower Digital,"Olá, Maria Barros!  Me chamo Carolina Moura, CEO da Praia Digital.  Notei que a Santos Tower Digital (Guarujá) esta buscando melhorar seu conteudo e anuncios. Por isso, quero apresentar uma solucao rapida para aumentar vendas em ate 7 dias:  Servico: Fotografia Profissional + Edicao Profissional de Imoveis  Por que funciona: - Imoveis com fotos profissionais recebem ate 3x mais contatos - Visitantes passam 40% mais tempo na pagina - Anuncios com fotos editadas fecham ate 2x mais rapido  O que esta incluso: - Ensaio fotografico profissional (ate 10 fotos/imovel) - Edicao avancada: correcao de luz, cor, remocao de imperfeicoes - Fotos otimizadas para portais, Instagram e site - Entrega em 48h  Investimento: sob medida por imovel ou pacote mensal.  Acesso gratuito as nossas ferramentas: https://praia.digital Conheca nosso site: https://acarolmourad-commits.github.io/praia-digital/  Podemos conversar 15 minutos para entender a necessidade da Santos Tower Digital?  Att, Carolina Moura CEO Praia Digital WhatsApp: (11) 95434-6288 E-mail: comercial@praia.digital ",2026-07-09
Ricardo Silva,Riviera Blue View,Santos,contato345@exemplo.com,Serviço de fotografia profissional + edicao profissional para Riviera Blue View,"Olá, Ricardo Silva!  Me chamo Carolina Moura, CEO da Praia Digital.  Notei que a Riviera Blue View (Santos) esta buscando melhorar seu conteudo e anuncios. Por isso, quero apresentar uma solucao rapida para aumentar vendas em ate 7 dias:  Servico: Fotografia Profissional + Edicao Profissional de Imoveis  Por que funciona: - Imoveis com fotos profissionais recebem ate 3x mais contatos - Visitantes passam 40% mais tempo na pagina - Anuncios com fotos editadas fecham ate 2x mais rapido  O que esta incluso: - Ensaio fotografico profissional (ate 10 fotos/imovel) - Edicao avancada: correcao de luz, cor, remocao de imperfeicoes - Fotos otimizadas para portais, Instagram e site - Entrega em 48h  Investimento: sob medida por imovel ou pacote mensal.  Acesso gratuito as nossas ferramentas: https://praia.digital Conheca nosso site: https://acarolmourad-commits.github.io/praia-digital/  Podemos conversar 15 minutos para entender a necessidade da Riviera Blue View?  Att, Carolina Moura CEO Praia Digital WhatsApp: (11) 95434-6288 E-mail: comercial@praia.digital ",2026-07-09
Amanda Nunes,Mar Brasil Digital,Peruíbe,contato533@exemplo.com,Serviço de fotografia profissional + edicao profissional para Mar Brasil Digital,"Olá, Amanda Nunes!  Me chamo Carolina Moura, CEO da Praia Digital.  Notei que a Mar Brasil Digital (Peruíbe) esta buscando melhorar seu conteudo e anuncios. Por isso, quero apresentar uma solucao rapida para aumentar vendas em ate 7 dias:  Servico: Fotografia Profissional + Edicao Profissional de Imoveis  Por que funciona: - Imoveis com fotos profissionais recebem ate 3x mais contatos - Visitantes passam 40% mais tempo na pagina - Anuncios com fotos editadas fecham ate 2x mais rapido  O que esta incluso: - Ensaio fotografico profissional (ate 10 fotos/imovel) - Edicao avancada: correcao de luz, cor, remocao de imperfeicoes - Fotos otimizadas para portais, Instagram e site - Entrega em 48h  Investimento: sob medida por imovel ou pacote mensal.  Acesso gratuito as nossas ferramentas: https://praia.digital Conheca nosso site: https://acarolmourad-commits.github.io/praia-digital/  Podemos conversar 15 minutos para entender a necessidade da Mar Brasil Digital?  Att, Carolina Moura CEO Praia Digital WhatsApp: (11) 95434-6288 E-mail: comercial@praia.digital ",2026-07-09
Luciana Gomes,Riviera Blue Blue,Praia Grande,contato244@exemplo.com,Serviço de fotografia profissional + edicao profissional para Riviera Blue Blue,"Olá, Luciana Gomes!  Me chamo Carolina Moura, CEO da Praia Digital.  Notei que a Riviera Blue Blue (Praia Grande) esta buscando melhorar seu conteudo e anuncios. Por isso, quero apresentar uma solucao rapida para aumentar vendas em ate 7 dias:  Servico: Fotografia Profissional + Edicao Profissional de Imoveis  Por que funciona: - Imoveis com fotos profissionais recebem ate 3x mais contatos - Visitantes passam 40% mais tempo na pagina - Anuncios com fotos editadas fecham ate 2x mais rapido  O que esta incluso: - Ensaio fotografico profissional (ate 10 fotos/imovel) - Edicao avancada: correcao de luz, cor, remocao de imperfeicoes - Fotos otimizadas para portais, Instagram e site - Entrega em 48h  Investimento: sob medida por imovel ou pacote mensal.  Acesso gratuito as nossas ferramentas: https://praia.digital Conheca nosso site: https://acarolmourad-commits.github.io/praia-digital/  Podemos conversar 15 minutos para entender a necessidade da Riviera Blue Blue?  Att, Carolina Moura CEO Praia Digital WhatsApp: (11) 95434-6288 E-mail: comercial@praia.digital ",2026-07-09
Luciana Souza,Norte Sul Praia,Itanhaém,contato455@exemplo.com,Serviço de fotografia profissional + edicao profissional para Norte Sul Praia,"Olá, Luciana Souza!  Me chamo Carolina Moura, CEO da Praia Digital.  Notei que a Norte Sul Praia (Itanhaém) esta buscando melhorar seu conteudo e anuncios. Por isso, quero apresentar uma solucao rapida para aumentar vendas em ate 7 dias:  Servico: Fotografia Profissional + Edicao Profissional de Imoveis  Por que funciona: - Imoveis com fotos profissionais recebem ate 3x mais contatos - Visitantes passam 40% mais tempo na pagina - Anuncios com fotos editadas fecham ate 2x mais rapido  O que esta incluso: - Ensaio fotografico profissional (ate 10 fotos/imovel) - Edicao avancada: correcao de luz, cor, remocao de imperfeicoes - Fotos otimizadas para portais, Instagram e site - Entrega em 48h  Investimento: sob medida por imovel ou pacote mensal.  Acesso gratuito as nossas ferramentas: https://praia.digital Conheca nosso site: https://acarolmourad-commits.github.io/praia-digital/  Podemos conversar 15 minutos para entender a necessidade da Norte Sul Praia?  Att, Carolina Moura CEO Praia Digital WhatsApp: (11) 95434-6288 E-mail: comercial@praia.digital ",2026-07-09
João Lima,Ocean Blue Centro,Peruíbe,contato274@exemplo.com,Serviço de fotografia profissional + edicao profissional para Ocean Blue Centro,"Olá, João Lima!  Me chamo Carolina Moura, CEO da Praia Digital.  Notei que a Ocean Blue Centro (Peruíbe) esta buscando melhorar seu conteudo e anuncios. Por isso, quero apresentar uma solucao rapida para aumentar vendas em ate 7 dias:  Servico: Fotografia Profissional + Edicao Profissional de Imoveis  Por que funciona: - Imoveis com fotos profissionais recebem ate 3x mais contatos - Visitantes passam 40% mais tempo na pagina - Anuncios com fotos editadas fecham ate 2x mais rapido  O que esta incluso: - Ensaio fotografico profissional (ate 10 fotos/imovel) - Edicao avancada: correcao de luz, cor, remocao de imperfeicoes - Fotos otimizadas para portais, Instagram e site - Entrega em 48h  Investimento: sob medida por imovel ou pacote mensal.  Acesso gratuito as nossas ferramentas: https://praia.digital Conheca nosso site: https://acarolmourad-commits.github.io/praia-digital/  Podemos conversar 15 minutos para entender a necessidade da Ocean Blue Centro?  Att, Carolina Moura CEO Praia Digital WhatsApp: (11) 95434-6288 E-mail: comercial@praia.digital ",2026-07-09
